Company,Domain,Role,Topic,Difficulty,Question,Ideal_Approach,Asked_In_BITS,,,,,Abbott
Abbott,Finance,Analyst,Behavioral,Medium,Describe a challenging project and how you overcame obstacles.,Use structured thinking approach. Connect to business value. Show MBA-level strategic understanding and professional communication skills. Quantify impact where possible.,Yes,,,,,Aditya Birla Management Corp.
Abbott,Healthcare,"Data Automation, Data Science Intern",Behavioral,Medium,How do you handle working with cross-functional teams?,Use structured thinking approach. Connect to business value. Show MBA-level strategic understanding and professional communication skills. Quantify impact where possible.,Yes,,,,,EY
Abbott,Healthcare,"Data Automation, Data Science Intern",Behavioral,Medium,Tell me about a time you used data to solve a business problem.,Use structured thinking approach. Connect to business value. Show MBA-level strategic understanding and professional communication skills. Quantify impact where possible.,Yes,,,,,Guidewire Software
Abbott,Healthcare,"Data Automation, Data Science Intern",Behavioral,Medium,Tell me about yourself.,Use structured thinking approach. Connect to business value. Show MBA-level strategic understanding and professional communication skills. Quantify impact where possible.,Yes,,,,,IDFC First Bank
Abbott,Healthcare,"Data Automation, Data Science Intern",Behavioral,Medium,"Walk me through your resume, focusing on analytics or data-driven projects.",Use structured thinking approach. Connect to business value. Show MBA-level strategic understanding and professional communication skills. Quantify impact where possible.,Yes,,,,,Indian Bank
Abbott,Healthcare,"Data Automation, Data Science Intern",Behavioral,Medium,What are your long-term career goals in analytics?,Use structured thinking approach. Connect to business value. Show MBA-level strategic understanding and professional communication skills. Quantify impact where possible.,Yes,,,,,Kyoren Labs
Abbott,Healthcare,"Data Automation, Data Science Intern",Behavioral,Medium,What motivates you to work in the analytics field?,Use structured thinking approach. Connect to business value. Show MBA-level strategic understanding and professional communication skills. Quantify impact where possible.,Yes,,,,,LenDen Club
Abbott,Healthcare,"Data Automation, Data Science Intern",Behavioral,Medium,Why MBA?,Use structured thinking approach. Connect to business value. Show MBA-level strategic understanding and professional communication skills. Quantify impact where possible.,Yes,,,,,Liquidmind.ai
Abbott,Healthcare,"Data Automation, Data Science Intern",Behavioral,Medium,Why are you interested in our company and this role?,Use structured thinking approach. Connect to business value. Show MBA-level strategic understanding and professional communication skills. Quantify impact where possible.,Yes,,,,,Mitigata
Abbott,Healthcare,"Data Automation, Data Science Intern",Behavioral,Medium,Why did you choose Business Analytics as your specialization?,Use structured thinking approach. Connect to business value. Show MBA-level strategic understanding and professional communication skills. Quantify impact where possible.,Yes,,,,,Moody's Analytics
Aditya Birla Management Corp.,Healthcare,"Data Automation, Data Science Intern",Behavioral,Medium,Describe a challenging project and how you overcame obstacles.,Use structured thinking approach. Connect to business value. Show MBA-level strategic understanding and professional communication skills. Quantify impact where possible.,Documented in tracking,,,,,Noccarc Robotics
Aditya Birla Management Corp.,Corporate Strategy,Data Analytics Intern,Behavioral,Medium,How do you handle working with cross-functional teams?,Use structured thinking approach. Connect to business value. Show MBA-level strategic understanding and professional communication skills. Quantify impact where possible.,Documented in tracking,,,,,Raaz App
Aditya Birla Management Corp.,Corporate Strategy,Data Analytics Intern,Behavioral,Medium,Tell me about a time you used data to solve a business problem.,Use structured thinking approach. Connect to business value. Show MBA-level strategic understanding and professional communication skills. Quantify impact where possible.,Documented in tracking,,,,,Reliance Industries - AJIO
Aditya Birla Management Corp.,Corporate Strategy,Data Analytics Intern,Behavioral,Medium,Tell me about yourself.,Use structured thinking approach. Connect to business value. Show MBA-level strategic understanding and professional communication skills. Quantify impact where possible.,Documented in tracking,,,,,Sodexo
Aditya Birla Management Corp.,Corporate Strategy,Data Analytics Intern,Behavioral,Medium,"Walk me through your resume, focusing on analytics or data-driven projects.",Use structured thinking approach. Connect to business value. Show MBA-level strategic understanding and professional communication skills. Quantify impact where possible.,Documented in tracking,,,,,Tata Capital
Aditya Birla Management Corp.,Corporate Strategy,Data Analytics Intern,Behavioral,Medium,What are your long-term career goals in analytics?,Use structured thinking approach. Connect to business value. Show MBA-level strategic understanding and professional communication skills. Quantify impact where possible.,Documented in tracking,,,,,Taurus Mutual Funds
Aditya Birla Management Corp.,Corporate Strategy,Data Analytics Intern,Behavioral,Medium,What motivates you to work in the analytics field?,Use structured thinking approach. Connect to business value. Show MBA-level strategic understanding and professional communication skills. Quantify impact where possible.,Documented in tracking,,,,,Vodafone-Idea
Aditya Birla Management Corp.,Corporate Strategy,Data Analytics Intern,Behavioral,Medium,Why MBA?,Use structured thinking approach. Connect to business value. Show MBA-level strategic understanding and professional communication skills. Quantify impact where possible.,Documented in tracking,,,,,Accenture AIOC
Aditya Birla Management Corp.,Corporate Strategy,Data Analytics Intern,Behavioral,Medium,Why are you interested in our company and this role?,Use structured thinking approach. Connect to business value. Show MBA-level strategic understanding and professional communication skills. Quantify impact where possible.,Documented in tracking,,,,,Accenture Strategy
Aditya Birla Management Corp.,Corporate Strategy,Data Analytics Intern,Behavioral,Medium,Why did you choose Business Analytics as your specialization?,Use structured thinking approach. Connect to business value. Show MBA-level strategic understanding and professional communication skills. Quantify impact where possible.,Documented in tracking,,,,,MiQ
EY,Corporate Strategy,Data Analytics Intern,Behavioral,Medium,Describe a challenging project and how you overcame obstacles.,Use structured thinking approach. Connect to business value. Show MBA-level strategic understanding and professional communication skills. Quantify impact where possible.,Yes,,,,,HSBC
EY,Consulting,"Digital Risk, Tech Assurance",Behavioral,Medium,How do you handle working with cross-functional teams?,Use structured thinking approach. Connect to business value. Show MBA-level strategic understanding and professional communication skills. Quantify impact where possible.,Yes,,,,,
EY,Consulting,"Digital Risk, Tech Assurance",Behavioral,Medium,Tell me about a time you used data to solve a business problem.,Use structured thinking approach. Connect to business value. Show MBA-level strategic understanding and professional communication skills. Quantify impact where possible.,Yes,,,,,
EY,Consulting,"Digital Risk, Tech Assurance",Behavioral,Medium,Tell me about yourself.,Use structured thinking approach. Connect to business value. Show MBA-level strategic understanding and professional communication skills. Quantify impact where possible.,Yes,,,,,
EY,Consulting,"Digital Risk, Tech Assurance",Behavioral,Medium,"Walk me through your resume, focusing on analytics or data-driven projects.",Use structured thinking approach. Connect to business value. Show MBA-level strategic understanding and professional communication skills. Quantify impact where possible.,Yes,,,,,
EY,Consulting,"Digital Risk, Tech Assurance",Behavioral,Medium,What are your long-term career goals in analytics?,Use structured thinking approach. Connect to business value. Show MBA-level strategic understanding and professional communication skills. Quantify impact where possible.,Yes,,,,,
EY,Consulting,"Digital Risk, Tech Assurance",Behavioral,Medium,What motivates you to work in the analytics field?,Use structured thinking approach. Connect to business value. Show MBA-level strategic understanding and professional communication skills. Quantify impact where possible.,Yes,,,,,
EY,Consulting,"Digital Risk, Tech Assurance",Behavioral,Medium,Why MBA?,Use structured thinking approach. Connect to business value. Show MBA-level strategic understanding and professional communication skills. Quantify impact where possible.,Yes,,,,,
EY,Consulting,"Digital Risk, Tech Assurance",Behavioral,Medium,Why are you interested in our company and this role?,Use structured thinking approach. Connect to business value. Show MBA-level strategic understanding and professional communication skills. Quantify impact where possible.,Yes,,,,,
EY,Consulting,"Digital Risk, Tech Assurance",Behavioral,Medium,Why did you choose Business Analytics as your specialization?,Use structured thinking approach. Connect to business value. Show MBA-level strategic understanding and professional communication skills. Quantify impact where possible.,Yes,,,,,
Guidewire Software,Consulting,"Digital Risk, Tech Assurance",Behavioral,Medium,Describe a challenging project and how you overcame obstacles.,Use structured thinking approach. Connect to business value. Show MBA-level strategic understanding and professional communication skills. Quantify impact where possible.,Documented in tracking,,,,,
Guidewire Software,InsurTech,Product Manager Intern,Behavioral,Medium,How do you handle working with cross-functional teams?,Use structured thinking approach. Connect to business value. Show MBA-level strategic understanding and professional communication skills. Quantify impact where possible.,Documented in tracking,,,,,
Guidewire Software,InsurTech,Product Manager Intern,Behavioral,Medium,Tell me about a time you used data to solve a business problem.,Use structured thinking approach. Connect to business value. Show MBA-level strategic understanding and professional communication skills. Quantify impact where possible.,Documented in tracking,,,,,
Guidewire Software,InsurTech,Product Manager Intern,Behavioral,Medium,Tell me about yourself.,Use structured thinking approach. Connect to business value. Show MBA-level strategic understanding and professional communication skills. Quantify impact where possible.,Documented in tracking,,,,,
Guidewire Software,InsurTech,Product Manager Intern,Behavioral,Medium,"Walk me through your resume, focusing on analytics or data-driven projects.",Use structured thinking approach. Connect to business value. Show MBA-level strategic understanding and professional communication skills. Quantify impact where possible.,Documented in tracking,,,,,
Guidewire Software,InsurTech,Product Manager Intern,Behavioral,Medium,What are your long-term career goals in analytics?,Use structured thinking approach. Connect to business value. Show MBA-level strategic understanding and professional communication skills. Quantify impact where possible.,Documented in tracking,,,,,
Guidewire Software,InsurTech,Product Manager Intern,Behavioral,Medium,What motivates you to work in the analytics field?,Use structured thinking approach. Connect to business value. Show MBA-level strategic understanding and professional communication skills. Quantify impact where possible.,Documented in tracking,,,,,
Guidewire Software,InsurTech,Product Manager Intern,Behavioral,Medium,Why MBA?,Use structured thinking approach. Connect to business value. Show MBA-level strategic understanding and professional communication skills. Quantify impact where possible.,Documented in tracking,,,,,
Guidewire Software,InsurTech,Product Manager Intern,Behavioral,Medium,Why are you interested in our company and this role?,Use structured thinking approach. Connect to business value. Show MBA-level strategic understanding and professional communication skills. Quantify impact where possible.,Documented in tracking,,,,,
Guidewire Software,InsurTech,Product Manager Intern,Behavioral,Medium,Why did you choose Business Analytics as your specialization?,Use structured thinking approach. Connect to business value. Show MBA-level strategic understanding and professional communication skills. Quantify impact where possible.,Documented in tracking,,,,,
IDFC First Bank,InsurTech,Product Manager Intern,Behavioral,Medium,Describe a challenging project and how you overcame obstacles.,Use structured thinking approach. Connect to business value. Show MBA-level strategic understanding and professional communication skills. Quantify impact where possible.,Documented in tracking,,,,,
IDFC First Bank,Financial Services,Market Research Intern,Behavioral,Medium,How do you handle working with cross-functional teams?,Use structured thinking approach. Connect to business value. Show MBA-level strategic understanding and professional communication skills. Quantify impact where possible.,Documented in tracking,,,,,
IDFC First Bank,Financial Services,Market Research Intern,Behavioral,Medium,Tell me about a time you used data to solve a business problem.,Use structured thinking approach. Connect to business value. Show MBA-level strategic understanding and professional communication skills. Quantify impact where possible.,Documented in tracking,,,,,
IDFC First Bank,Financial Services,Market Research Intern,Behavioral,Medium,Tell me about yourself.,Use structured thinking approach. Connect to business value. Show MBA-level strategic understanding and professional communication skills. Quantify impact where possible.,Documented in tracking,,,,,
IDFC First Bank,Financial Services,Market Research Intern,Behavioral,Medium,"Walk me through your resume, focusing on analytics or data-driven projects.",Use structured thinking approach. Connect to business value. Show MBA-level strategic understanding and professional communication skills. Quantify impact where possible.,Documented in tracking,,,,,
IDFC First Bank,Financial Services,Market Research Intern,Behavioral,Medium,What are your long-term career goals in analytics?,Use structured thinking approach. Connect to business value. Show MBA-level strategic understanding and professional communication skills. Quantify impact where possible.,Documented in tracking,,,,,
IDFC First Bank,Financial Services,Market Research Intern,Behavioral,Medium,What motivates you to work in the analytics field?,Use structured thinking approach. Connect to business value. Show MBA-level strategic understanding and professional communication skills. Quantify impact where possible.,Documented in tracking,,,,,
IDFC First Bank,Financial Services,Market Research Intern,Behavioral,Medium,Why MBA?,Use structured thinking approach. Connect to business value. Show MBA-level strategic understanding and professional communication skills. Quantify impact where possible.,Documented in tracking,,,,,
IDFC First Bank,Financial Services,Market Research Intern,Behavioral,Medium,Why are you interested in our company and this role?,Use structured thinking approach. Connect to business value. Show MBA-level strategic understanding and professional communication skills. Quantify impact where possible.,Documented in tracking,,,,,
IDFC First Bank,Financial Services,Market Research Intern,Behavioral,Medium,Why did you choose Business Analytics as your specialization?,Use structured thinking approach. Connect to business value. Show MBA-level strategic understanding and professional communication skills. Quantify impact where possible.,Documented in tracking,,,,,
Indian Bank,Financial Services,Market Research Intern,Behavioral,Medium,Describe a challenging project and how you overcame obstacles.,Use structured thinking approach. Connect to business value. Show MBA-level strategic understanding and professional communication skills. Quantify impact where possible.,Documented in tracking,,,,,
Indian Bank,Financial Services,Financial Analytics Intern,Behavioral,Medium,How do you handle working with cross-functional teams?,Use structured thinking approach. Connect to business value. Show MBA-level strategic understanding and professional communication skills. Quantify impact where possible.,Documented in tracking,,,,,
Indian Bank,Financial Services,Financial Analytics Intern,Behavioral,Medium,Tell me about a time you used data to solve a business problem.,Use structured thinking approach. Connect to business value. Show MBA-level strategic understanding and professional communication skills. Quantify impact where possible.,Documented in tracking,,,,,
Indian Bank,Financial Services,Financial Analytics Intern,Behavioral,Medium,Tell me about yourself.,Use structured thinking approach. Connect to business value. Show MBA-level strategic understanding and professional communication skills. Quantify impact where possible.,Documented in tracking,,,,,
Indian Bank,Financial Services,Financial Analytics Intern,Behavioral,Medium,"Walk me through your resume, focusing on analytics or data-driven projects.",Use structured thinking approach. Connect to business value. Show MBA-level strategic understanding and professional communication skills. Quantify impact where possible.,Documented in tracking,,,,,
Indian Bank,Financial Services,Financial Analytics Intern,Behavioral,Medium,What are your long-term career goals in analytics?,Use structured thinking approach. Connect to business value. Show MBA-level strategic understanding and professional communication skills. Quantify impact where possible.,Documented in tracking,,,,,
Indian Bank,Financial Services,Financial Analytics Intern,Behavioral,Medium,What motivates you to work in the analytics field?,Use structured thinking approach. Connect to business value. Show MBA-level strategic understanding and professional communication skills. Quantify impact where possible.,Documented in tracking,,,,,
Indian Bank,Financial Services,Financial Analytics Intern,Behavioral,Medium,Why MBA?,Use structured thinking approach. Connect to business value. Show MBA-level strategic understanding and professional communication skills. Quantify impact where possible.,Documented in tracking,,,,,
Indian Bank,Financial Services,Financial Analytics Intern,Behavioral,Medium,Why are you interested in our company and this role?,Use structured thinking approach. Connect to business value. Show MBA-level strategic understanding and professional communication skills. Quantify impact where possible.,Documented in tracking,,,,,
Indian Bank,Financial Services,Financial Analytics Intern,Behavioral,Medium,Why did you choose Business Analytics as your specialization?,Use structured thinking approach. Connect to business value. Show MBA-level strategic understanding and professional communication skills. Quantify impact where possible.,Documented in tracking,,,,,
Kyoren Labs,Financial Services,Financial Analytics Intern,Behavioral,Medium,Describe a challenging project and how you overcame obstacles.,Use structured thinking approach. Connect to business value. Show MBA-level strategic understanding and professional communication skills. Quantify impact where possible.,Yes,,,,,
Kyoren Labs,Healthcare,Business Analyst Intern,Behavioral,Medium,How do you handle working with cross-functional teams?,Use structured thinking approach. Connect to business value. Show MBA-level strategic understanding and professional communication skills. Quantify impact where possible.,Yes,,,,,
Kyoren Labs,Healthcare,Business Analyst Intern,Behavioral,Medium,Tell me about a time you used data to solve a business problem.,Use structured thinking approach. Connect to business value. Show MBA-level strategic understanding and professional communication skills. Quantify impact where possible.,Yes,,,,,
Kyoren Labs,Healthcare,Business Analyst Intern,Behavioral,Medium,Tell me about yourself.,Use structured thinking approach. Connect to business value. Show MBA-level strategic understanding and professional communication skills. Quantify impact where possible.,Yes,,,,,
Kyoren Labs,Healthcare,Business Analyst Intern,Behavioral,Medium,"Walk me through your resume, focusing on analytics or data-driven projects.",Use structured thinking approach. Connect to business value. Show MBA-level strategic understanding and professional communication skills. Quantify impact where possible.,Yes,,,,,
Kyoren Labs,Healthcare,Business Analyst Intern,Behavioral,Medium,What are your long-term career goals in analytics?,Use structured thinking approach. Connect to business value. Show MBA-level strategic understanding and professional communication skills. Quantify impact where possible.,Yes,,,,,
Kyoren Labs,Healthcare,Business Analyst Intern,Behavioral,Medium,What motivates you to work in the analytics field?,Use structured thinking approach. Connect to business value. Show MBA-level strategic understanding and professional communication skills. Quantify impact where possible.,Yes,,,,,
Kyoren Labs,Healthcare,Business Analyst Intern,Behavioral,Medium,Why MBA?,Use structured thinking approach. Connect to business value. Show MBA-level strategic understanding and professional communication skills. Quantify impact where possible.,Yes,,,,,
Kyoren Labs,Healthcare,Business Analyst Intern,Behavioral,Medium,Why are you interested in our company and this role?,Use structured thinking approach. Connect to business value. Show MBA-level strategic understanding and professional communication skills. Quantify impact where possible.,Yes,,,,,
Kyoren Labs,Healthcare,Business Analyst Intern,Behavioral,Medium,Why did you choose Business Analytics as your specialization?,Use structured thinking approach. Connect to business value. Show MBA-level strategic understanding and professional communication skills. Quantify impact where possible.,Yes,,,,,
LenDen Club,Healthcare,Business Analyst Intern,Behavioral,Medium,Describe a challenging project and how you overcame obstacles.,Use structured thinking approach. Connect to business value. Show MBA-level strategic understanding and professional communication skills. Quantify impact where possible.,Yes,,,,,
LenDen Club,FinTech,"Data Science Intern, Marketing Intern, Product Intern",Behavioral,Medium,How do you handle working with cross-functional teams?,Use structured thinking approach. Connect to business value. Show MBA-level strategic understanding and professional communication skills. Quantify impact where possible.,Yes,,,,,
LenDen Club,FinTech,"Data Science Intern, Marketing Intern, Product Intern",Behavioral,Medium,Tell me about a time you used data to solve a business problem.,Use structured thinking approach. Connect to business value. Show MBA-level strategic understanding and professional communication skills. Quantify impact where possible.,Yes,,,,,
LenDen Club,FinTech,"Data Science Intern, Marketing Intern, Product Intern",Behavioral,Medium,Tell me about yourself.,Use structured thinking approach. Connect to business value. Show MBA-level strategic understanding and professional communication skills. Quantify impact where possible.,Yes,,,,,
LenDen Club,FinTech,"Data Science Intern, Marketing Intern, Product Intern",Behavioral,Medium,"Walk me through your resume, focusing on analytics or data-driven projects.",Use structured thinking approach. Connect to business value. Show MBA-level strategic understanding and professional communication skills. Quantify impact where possible.,Yes,,,,,
LenDen Club,FinTech,"Data Science Intern, Marketing Intern, Product Intern",Behavioral,Medium,What are your long-term career goals in analytics?,Use structured thinking approach. Connect to business value. Show MBA-level strategic understanding and professional communication skills. Quantify impact where possible.,Yes,,,,,
LenDen Club,FinTech,"Data Science Intern, Marketing Intern, Product Intern",Behavioral,Medium,What motivates you to work in the analytics field?,Use structured thinking approach. Connect to business value. Show MBA-level strategic understanding and professional communication skills. Quantify impact where possible.,Yes,,,,,
LenDen Club,FinTech,"Data Science Intern, Marketing Intern, Product Intern",Behavioral,Medium,Why MBA?,Use structured thinking approach. Connect to business value. Show MBA-level strategic understanding and professional communication skills. Quantify impact where possible.,Yes,,,,,
LenDen Club,FinTech,"Data Science Intern, Marketing Intern, Product Intern",Behavioral,Medium,Why are you interested in our company and this role?,Use structured thinking approach. Connect to business value. Show MBA-level strategic understanding and professional communication skills. Quantify impact where possible.,Yes,,,,,
LenDen Club,FinTech,"Data Science Intern, Marketing Intern, Product Intern",Behavioral,Medium,Why did you choose Business Analytics as your specialization?,Use structured thinking approach. Connect to business value. Show MBA-level strategic understanding and professional communication skills. Quantify impact where possible.,Yes,,,,,
Liquidmind.ai,FinTech,"Data Science Intern, Marketing Intern, Product Intern",Behavioral,Medium,Describe a challenging project and how you overcame obstacles.,Use structured thinking approach. Connect to business value. Show MBA-level strategic understanding and professional communication skills. Quantify impact where possible.,Documented in tracking,,,,,
Liquidmind.ai,Technology / SaaS,Product Management Intern,Behavioral,Medium,How do you handle working with cross-functional teams?,Use structured thinking approach. Connect to business value. Show MBA-level strategic understanding and professional communication skills. Quantify impact where possible.,Documented in tracking,,,,,
Liquidmind.ai,Technology / SaaS,Product Management Intern,Behavioral,Medium,Tell me about a time you used data to solve a business problem.,Use structured thinking approach. Connect to business value. Show MBA-level strategic understanding and professional communication skills. Quantify impact where possible.,Documented in tracking,,,,,
Liquidmind.ai,Technology / SaaS,Product Management Intern,Behavioral,Medium,Tell me about yourself.,Use structured thinking approach. Connect to business value. Show MBA-level strategic understanding and professional communication skills. Quantify impact where possible.,Documented in tracking,,,,,
Liquidmind.ai,Technology / SaaS,Product Management Intern,Behavioral,Medium,"Walk me through your resume, focusing on analytics or data-driven projects.",Use structured thinking approach. Connect to business value. Show MBA-level strategic understanding and professional communication skills. Quantify impact where possible.,Documented in tracking,,,,,
Liquidmind.ai,Technology / SaaS,Product Management Intern,Behavioral,Medium,What are your long-term career goals in analytics?,Use structured thinking approach. Connect to business value. Show MBA-level strategic understanding and professional communication skills. Quantify impact where possible.,Documented in tracking,,,,,
Liquidmind.ai,Technology / SaaS,Product Management Intern,Behavioral,Medium,What motivates you to work in the analytics field?,Use structured thinking approach. Connect to business value. Show MBA-level strategic understanding and professional communication skills. Quantify impact where possible.,Documented in tracking,,,,,
Liquidmind.ai,Technology / SaaS,Product Management Intern,Behavioral,Medium,Why MBA?,Use structured thinking approach. Connect to business value. Show MBA-level strategic understanding and professional communication skills. Quantify impact where possible.,Documented in tracking,,,,,
Liquidmind.ai,Technology / SaaS,Product Management Intern,Behavioral,Medium,Why are you interested in our company and this role?,Use structured thinking approach. Connect to business value. Show MBA-level strategic understanding and professional communication skills. Quantify impact where possible.,Documented in tracking,,,,,
Liquidmind.ai,Technology / SaaS,Product Management Intern,Behavioral,Medium,Why did you choose Business Analytics as your specialization?,Use structured thinking approach. Connect to business value. Show MBA-level strategic understanding and professional communication skills. Quantify impact where possible.,Documented in tracking,,,,,
Mitigata,Technology / SaaS,Product Management Intern,Behavioral,Medium,Describe a challenging project and how you overcame obstacles.,Use structured thinking approach. Connect to business value. Show MBA-level strategic understanding and professional communication skills. Quantify impact where possible.,Yes,,,,,
Mitigata,InsurTech,Founder's Office Intern,Behavioral,Medium,How do you handle working with cross-functional teams?,Use structured thinking approach. Connect to business value. Show MBA-level strategic understanding and professional communication skills. Quantify impact where possible.,Yes,,,,,
Mitigata,InsurTech,Founder's Office Intern,Behavioral,Medium,Tell me about a time you used data to solve a business problem.,Use structured thinking approach. Connect to business value. Show MBA-level strategic understanding and professional communication skills. Quantify impact where possible.,Yes,,,,,
Mitigata,InsurTech,Founder's Office Intern,Behavioral,Medium,Tell me about yourself.,Use structured thinking approach. Connect to business value. Show MBA-level strategic understanding and professional communication skills. Quantify impact where possible.,Yes,,,,,
Mitigata,InsurTech,Founder's Office Intern,Behavioral,Medium,"Walk me through your resume, focusing on analytics or data-driven projects.",Use structured thinking approach. Connect to business value. Show MBA-level strategic understanding and professional communication skills. Quantify impact where possible.,Yes,,,,,
Mitigata,InsurTech,Founder's Office Intern,Behavioral,Medium,What are your long-term career goals in analytics?,Use structured thinking approach. Connect to business value. Show MBA-level strategic understanding and professional communication skills. Quantify impact where possible.,Yes,,,,,
Mitigata,InsurTech,Founder's Office Intern,Behavioral,Medium,What motivates you to work in the analytics field?,Use structured thinking approach. Connect to business value. Show MBA-level strategic understanding and professional communication skills. Quantify impact where possible.,Yes,,,,,
Mitigata,InsurTech,Founder's Office Intern,Behavioral,Medium,Why MBA?,Use structured thinking approach. Connect to business value. Show MBA-level strategic understanding and professional communication skills. Quantify impact where possible.,Yes,,,,,
Mitigata,InsurTech,Founder's Office Intern,Behavioral,Medium,Why are you interested in our company and this role?,Use structured thinking approach. Connect to business value. Show MBA-level strategic understanding and professional communication skills. Quantify impact where possible.,Yes,,,,,
Mitigata,InsurTech,Founder's Office Intern,Behavioral,Medium,Why did you choose Business Analytics as your specialization?,Use structured thinking approach. Connect to business value. Show MBA-level strategic understanding and professional communication skills. Quantify impact where possible.,Yes,,,,,
Moody's Analytics,InsurTech,Founder's Office Intern,Behavioral,Medium,Describe a challenging project and how you overcame obstacles.,Use structured thinking approach. Connect to business value. Show MBA-level strategic understanding and professional communication skills. Quantify impact where possible.,Documented in tracking,,,,,
Moody's Analytics,Financial Services,Structured Finance,Behavioral,Medium,How do you handle working with cross-functional teams?,Use structured thinking approach. Connect to business value. Show MBA-level strategic understanding and professional communication skills. Quantify impact where possible.,Documented in tracking,,,,,
Moody's Analytics,Financial Services,Structured Finance,Behavioral,Medium,Tell me about a time you used data to solve a business problem.,Use structured thinking approach. Connect to business value. Show MBA-level strategic understanding and professional communication skills. Quantify impact where possible.,Documented in tracking,,,,,
Moody's Analytics,Financial Services,Structured Finance,Behavioral,Medium,Tell me about yourself.,Use structured thinking approach. Connect to business value. Show MBA-level strategic understanding and professional communication skills. Quantify impact where possible.,Documented in tracking,,,,,
Moody's Analytics,Financial Services,Structured Finance,Behavioral,Medium,"Walk me through your resume, focusing on analytics or data-driven projects.",Use structured thinking approach. Connect to business value. Show MBA-level strategic understanding and professional communication skills. Quantify impact where possible.,Documented in tracking,,,,,
Moody's Analytics,Financial Services,Structured Finance,Behavioral,Medium,What are your long-term career goals in analytics?,Use structured thinking approach. Connect to business value. Show MBA-level strategic understanding and professional communication skills. Quantify impact where possible.,Documented in tracking,,,,,
Moody's Analytics,Financial Services,Structured Finance,Behavioral,Medium,What motivates you to work in the analytics field?,Use structured thinking approach. Connect to business value. Show MBA-level strategic understanding and professional communication skills. Quantify impact where possible.,Documented in tracking,,,,,
Moody's Analytics,Financial Services,Structured Finance,Behavioral,Medium,Why MBA?,Use structured thinking approach. Connect to business value. Show MBA-level strategic understanding and professional communication skills. Quantify impact where possible.,Documented in tracking,,,,,
Moody's Analytics,Financial Services,Structured Finance,Behavioral,Medium,Why are you interested in our company and this role?,Use structured thinking approach. Connect to business value. Show MBA-level strategic understanding and professional communication skills. Quantify impact where possible.,Documented in tracking,,,,,
Moody's Analytics,Financial Services,Structured Finance,Behavioral,Medium,Why did you choose Business Analytics as your specialization?,Use structured thinking approach. Connect to business value. Show MBA-level strategic understanding and professional communication skills. Quantify impact where possible.,Documented in tracking,,,,,
Noccarc Robotics,Financial Services,Structured Finance,Behavioral,Medium,Describe a challenging project and how you overcame obstacles.,Use structured thinking approach. Connect to business value. Show MBA-level strategic understanding and professional communication skills. Quantify impact where possible.,Documented in tracking,,,,,
Noccarc Robotics,MedTech,Market Research Intern,Behavioral,Medium,How do you handle working with cross-functional teams?,Use structured thinking approach. Connect to business value. Show MBA-level strategic understanding and professional communication skills. Quantify impact where possible.,Documented in tracking,,,,,
Noccarc Robotics,MedTech,Market Research Intern,Behavioral,Medium,Tell me about a time you used data to solve a business problem.,Use structured thinking approach. Connect to business value. Show MBA-level strategic understanding and professional communication skills. Quantify impact where possible.,Documented in tracking,,,,,
Noccarc Robotics,MedTech,Market Research Intern,Behavioral,Medium,Tell me about yourself.,Use structured thinking approach. Connect to business value. Show MBA-level strategic understanding and professional communication skills. Quantify impact where possible.,Documented in tracking,,,,,
Noccarc Robotics,MedTech,Market Research Intern,Behavioral,Medium,"Walk me through your resume, focusing on analytics or data-driven projects.",Use structured thinking approach. Connect to business value. Show MBA-level strategic understanding and professional communication skills. Quantify impact where possible.,Documented in tracking,,,,,
Noccarc Robotics,MedTech,Market Research Intern,Behavioral,Medium,What are your long-term career goals in analytics?,Use structured thinking approach. Connect to business value. Show MBA-level strategic understanding and professional communication skills. Quantify impact where possible.,Documented in tracking,,,,,
Noccarc Robotics,MedTech,Market Research Intern,Behavioral,Medium,What motivates you to work in the analytics field?,Use structured thinking approach. Connect to business value. Show MBA-level strategic understanding and professional communication skills. Quantify impact where possible.,Documented in tracking,,,,,
Noccarc Robotics,MedTech,Market Research Intern,Behavioral,Medium,Why MBA?,Use structured thinking approach. Connect to business value. Show MBA-level strategic understanding and professional communication skills. Quantify impact where possible.,Documented in tracking,,,,,
Noccarc Robotics,MedTech,Market Research Intern,Behavioral,Medium,Why are you interested in our company and this role?,Use structured thinking approach. Connect to business value. Show MBA-level strategic understanding and professional communication skills. Quantify impact where possible.,Documented in tracking,,,,,
Noccarc Robotics,MedTech,Market Research Intern,Behavioral,Medium,Why did you choose Business Analytics as your specialization?,Use structured thinking approach. Connect to business value. Show MBA-level strategic understanding and professional communication skills. Quantify impact where possible.,Documented in tracking,,,,,
Raaz App,MedTech,Market Research Intern,Behavioral,Medium,Describe a challenging project and how you overcame obstacles.,Use structured thinking approach. Connect to business value. Show MBA-level strategic understanding and professional communication skills. Quantify impact where possible.,Documented in tracking,,,,,
Raaz App,Technology / SaaS,Founder's Office Intern,Behavioral,Medium,How do you handle working with cross-functional teams?,Use structured thinking approach. Connect to business value. Show MBA-level strategic understanding and professional communication skills. Quantify impact where possible.,Documented in tracking,,,,,
Raaz App,Technology / SaaS,Founder's Office Intern,Behavioral,Medium,Tell me about a time you used data to solve a business problem.,Use structured thinking approach. Connect to business value. Show MBA-level strategic understanding and professional communication skills. Quantify impact where possible.,Documented in tracking,,,,,
Raaz App,Technology / SaaS,Founder's Office Intern,Behavioral,Medium,Tell me about yourself.,Use structured thinking approach. Connect to business value. Show MBA-level strategic understanding and professional communication skills. Quantify impact where possible.,Documented in tracking,,,,,
Raaz App,Technology / SaaS,Founder's Office Intern,Behavioral,Medium,"Walk me through your resume, focusing on analytics or data-driven projects.",Use structured thinking approach. Connect to business value. Show MBA-level strategic understanding and professional communication skills. Quantify impact where possible.,Documented in tracking,,,,,
Raaz App,Technology / SaaS,Founder's Office Intern,Behavioral,Medium,What are your long-term career goals in analytics?,Use structured thinking approach. Connect to business value. Show MBA-level strategic understanding and professional communication skills. Quantify impact where possible.,Documented in tracking,,,,,
Raaz App,Technology / SaaS,Founder's Office Intern,Behavioral,Medium,What motivates you to work in the analytics field?,Use structured thinking approach. Connect to business value. Show MBA-level strategic understanding and professional communication skills. Quantify impact where possible.,Documented in tracking,,,,,
Raaz App,Technology / SaaS,Founder's Office Intern,Behavioral,Medium,Why MBA?,Use structured thinking approach. Connect to business value. Show MBA-level strategic understanding and professional communication skills. Quantify impact where possible.,Documented in tracking,,,,,
Raaz App,Technology / SaaS,Founder's Office Intern,Behavioral,Medium,Why are you interested in our company and this role?,Use structured thinking approach. Connect to business value. Show MBA-level strategic understanding and professional communication skills. Quantify impact where possible.,Documented in tracking,,,,,
Raaz App,Technology / SaaS,Founder's Office Intern,Behavioral,Medium,Why did you choose Business Analytics as your specialization?,Use structured thinking approach. Connect to business value. Show MBA-level strategic understanding and professional communication skills. Quantify impact where possible.,Documented in tracking,,,,,
Reliance Industries - AJIO,Technology / SaaS,Founder's Office Intern,Behavioral,Medium,Describe a challenging project and how you overcame obstacles.,Use structured thinking approach. Connect to business value. Show MBA-level strategic understanding and professional communication skills. Quantify impact where possible.,Documented in tracking,,,,,
Reliance Industries - AJIO,Retail / E-commerce,"Buying & Merchandising, Operations, Planning, Sales Planning & Pricing, Strategy",Behavioral,Medium,How do you handle working with cross-functional teams?,Use structured thinking approach. Connect to business value. Show MBA-level strategic understanding and professional communication skills. Quantify impact where possible.,Documented in tracking,,,,,
Reliance Industries - AJIO,Retail / E-commerce,"Buying & Merchandising, Operations, Planning, Sales Planning & Pricing, Strategy",Behavioral,Medium,Tell me about a time you used data to solve a business problem.,Use structured thinking approach. Connect to business value. Show MBA-level strategic understanding and professional communication skills. Quantify impact where possible.,Documented in tracking,,,,,
Reliance Industries - AJIO,Retail / E-commerce,"Buying & Merchandising, Operations, Planning, Sales Planning & Pricing, Strategy",Behavioral,Medium,Tell me about yourself.,Use structured thinking approach. Connect to business value. Show MBA-level strategic understanding and professional communication skills. Quantify impact where possible.,Documented in tracking,,,,,
Reliance Industries - AJIO,Retail / E-commerce,"Buying & Merchandising, Operations, Planning, Sales Planning & Pricing, Strategy",Behavioral,Medium,"Walk me through your resume, focusing on analytics or data-driven projects.",Use structured thinking approach. Connect to business value. Show MBA-level strategic understanding and professional communication skills. Quantify impact where possible.,Documented in tracking,,,,,
Reliance Industries - AJIO,Retail / E-commerce,"Buying & Merchandising, Operations, Planning, Sales Planning & Pricing, Strategy",Behavioral,Medium,What are your long-term career goals in analytics?,Use structured thinking approach. Connect to business value. Show MBA-level strategic understanding and professional communication skills. Quantify impact where possible.,Documented in tracking,,,,,
Reliance Industries - AJIO,Retail / E-commerce,"Buying & Merchandising, Operations, Planning, Sales Planning & Pricing, Strategy",Behavioral,Medium,What motivates you to work in the analytics field?,Use structured thinking approach. Connect to business value. Show MBA-level strategic understanding and professional communication skills. Quantify impact where possible.,Documented in tracking,,,,,
Reliance Industries - AJIO,Retail / E-commerce,"Buying & Merchandising, Operations, Planning, Sales Planning & Pricing, Strategy",Behavioral,Medium,Why MBA?,Use structured thinking approach. Connect to business value. Show MBA-level strategic understanding and professional communication skills. Quantify impact where possible.,Documented in tracking,,,,,
Reliance Industries - AJIO,Retail / E-commerce,"Buying & Merchandising, Operations, Planning, Sales Planning & Pricing, Strategy",Behavioral,Medium,Why are you interested in our company and this role?,Use structured thinking approach. Connect to business value. Show MBA-level strategic understanding and professional communication skills. Quantify impact where possible.,Documented in tracking,,,,,
Reliance Industries - AJIO,Retail / E-commerce,"Buying & Merchandising, Operations, Planning, Sales Planning & Pricing, Strategy",Behavioral,Medium,Why did you choose Business Analytics as your specialization?,Use structured thinking approach. Connect to business value. Show MBA-level strategic understanding and professional communication skills. Quantify impact where possible.,Documented in tracking,,,,,
Sodexo,Retail / E-commerce,"Buying & Merchandising, Operations, Planning, Sales Planning & Pricing, Strategy",Behavioral,Medium,Describe a challenging project and how you overcame obstacles.,Use structured thinking approach. Connect to business value. Show MBA-level strategic understanding and professional communication skills. Quantify impact where possible.,Documented in tracking,,,,,
Sodexo,Facilities Management,"Enterprise Sales, Project Management Intern",Behavioral,Medium,How do you handle working with cross-functional teams?,Use structured thinking approach. Connect to business value. Show MBA-level strategic understanding and professional communication skills. Quantify impact where possible.,Documented in tracking,,,,,
Sodexo,Facilities Management,"Enterprise Sales, Project Management Intern",Behavioral,Medium,Tell me about a time you used data to solve a business problem.,Use structured thinking approach. Connect to business value. Show MBA-level strategic understanding and professional communication skills. Quantify impact where possible.,Documented in tracking,,,,,
Sodexo,Facilities Management,"Enterprise Sales, Project Management Intern",Behavioral,Medium,Tell me about yourself.,Use structured thinking approach. Connect to business value. Show MBA-level strategic understanding and professional communication skills. Quantify impact where possible.,Documented in tracking,,,,,
Sodexo,Facilities Management,"Enterprise Sales, Project Management Intern",Behavioral,Medium,"Walk me through your resume, focusing on analytics or data-driven projects.",Use structured thinking approach. Connect to business value. Show MBA-level strategic understanding and professional communication skills. Quantify impact where possible.,Documented in tracking,,,,,
Sodexo,Facilities Management,"Enterprise Sales, Project Management Intern",Behavioral,Medium,What are your long-term career goals in analytics?,Use structured thinking approach. Connect to business value. Show MBA-level strategic understanding and professional communication skills. Quantify impact where possible.,Documented in tracking,,,,,
Sodexo,Facilities Management,"Enterprise Sales, Project Management Intern",Behavioral,Medium,What motivates you to work in the analytics field?,Use structured thinking approach. Connect to business value. Show MBA-level strategic understanding and professional communication skills. Quantify impact where possible.,Documented in tracking,,,,,
Sodexo,Facilities Management,"Enterprise Sales, Project Management Intern",Behavioral,Medium,Why MBA?,Use structured thinking approach. Connect to business value. Show MBA-level strategic understanding and professional communication skills. Quantify impact where possible.,Documented in tracking,,,,,
Sodexo,Facilities Management,"Enterprise Sales, Project Management Intern",Behavioral,Medium,Why are you interested in our company and this role?,Use structured thinking approach. Connect to business value. Show MBA-level strategic understanding and professional communication skills. Quantify impact where possible.,Documented in tracking,,,,,
Sodexo,Facilities Management,"Enterprise Sales, Project Management Intern",Behavioral,Medium,Why did you choose Business Analytics as your specialization?,Use structured thinking approach. Connect to business value. Show MBA-level strategic understanding and professional communication skills. Quantify impact where possible.,Documented in tracking,,,,,
Tata Capital,Facilities Management,"Enterprise Sales, Project Management Intern",Behavioral,Medium,Describe a challenging project and how you overcame obstacles.,Use structured thinking approach. Connect to business value. Show MBA-level strategic understanding and professional communication skills. Quantify impact where possible.,Yes,,,,,
Tata Capital,Financial Services,Data Science Intern,Behavioral,Medium,How do you handle working with cross-functional teams?,Use structured thinking approach. Connect to business value. Show MBA-level strategic understanding and professional communication skills. Quantify impact where possible.,Yes,,,,,
Tata Capital,Financial Services,Data Science Intern,Behavioral,Medium,Tell me about a time you used data to solve a business problem.,Use structured thinking approach. Connect to business value. Show MBA-level strategic understanding and professional communication skills. Quantify impact where possible.,Yes,,,,,
Tata Capital,Financial Services,Data Science Intern,Behavioral,Medium,Tell me about yourself.,Use structured thinking approach. Connect to business value. Show MBA-level strategic understanding and professional communication skills. Quantify impact where possible.,Yes,,,,,
Tata Capital,Financial Services,Data Science Intern,Behavioral,Medium,"Walk me through your resume, focusing on analytics or data-driven projects.",Use structured thinking approach. Connect to business value. Show MBA-level strategic understanding and professional communication skills. Quantify impact where possible.,Yes,,,,,
Tata Capital,Financial Services,Data Science Intern,Behavioral,Medium,What are your long-term career goals in analytics?,Use structured thinking approach. Connect to business value. Show MBA-level strategic understanding and professional communication skills. Quantify impact where possible.,Yes,,,,,
Tata Capital,Financial Services,Data Science Intern,Behavioral,Medium,What motivates you to work in the analytics field?,Use structured thinking approach. Connect to business value. Show MBA-level strategic understanding and professional communication skills. Quantify impact where possible.,Yes,,,,,
Tata Capital,Financial Services,Data Science Intern,Behavioral,Medium,Why MBA?,Use structured thinking approach. Connect to business value. Show MBA-level strategic understanding and professional communication skills. Quantify impact where possible.,Yes,,,,,
Tata Capital,Financial Services,Data Science Intern,Behavioral,Medium,Why are you interested in our company and this role?,Use structured thinking approach. Connect to business value. Show MBA-level strategic understanding and professional communication skills. Quantify impact where possible.,Yes,,,,,
Tata Capital,Financial Services,Data Science Intern,Behavioral,Medium,Why did you choose Business Analytics as your specialization?,Use structured thinking approach. Connect to business value. Show MBA-level strategic understanding and professional communication skills. Quantify impact where possible.,Yes,,,,,
Taurus Mutual Funds,Financial Services,Data Science Intern,Behavioral,Medium,Describe a challenging project and how you overcame obstacles.,Use structured thinking approach. Connect to business value. Show MBA-level strategic understanding and professional communication skills. Quantify impact where possible.,Documented in tracking,,,,,
Taurus Mutual Funds,Financial Services,Data Analyst Intern,Behavioral,Medium,How do you handle working with cross-functional teams?,Use structured thinking approach. Connect to business value. Show MBA-level strategic understanding and professional communication skills. Quantify impact where possible.,Documented in tracking,,,,,
Taurus Mutual Funds,Financial Services,Data Analyst Intern,Behavioral,Medium,Tell me about a time you used data to solve a business problem.,Use structured thinking approach. Connect to business value. Show MBA-level strategic understanding and professional communication skills. Quantify impact where possible.,Documented in tracking,,,,,
Taurus Mutual Funds,Financial Services,Data Analyst Intern,Behavioral,Medium,Tell me about yourself.,Use structured thinking approach. Connect to business value. Show MBA-level strategic understanding and professional communication skills. Quantify impact where possible.,Documented in tracking,,,,,
Taurus Mutual Funds,Financial Services,Data Analyst Intern,Behavioral,Medium,"Walk me through your resume, focusing on analytics or data-driven projects.",Use structured thinking approach. Connect to business value. Show MBA-level strategic understanding and professional communication skills. Quantify impact where possible.,Documented in tracking,,,,,
Taurus Mutual Funds,Financial Services,Data Analyst Intern,Behavioral,Medium,What are your long-term career goals in analytics?,Use structured thinking approach. Connect to business value. Show MBA-level strategic understanding and professional communication skills. Quantify impact where possible.,Documented in tracking,,,,,
Taurus Mutual Funds,Financial Services,Data Analyst Intern,Behavioral,Medium,What motivates you to work in the analytics field?,Use structured thinking approach. Connect to business value. Show MBA-level strategic understanding and professional communication skills. Quantify impact where possible.,Documented in tracking,,,,,
Taurus Mutual Funds,Financial Services,Data Analyst Intern,Behavioral,Medium,Why MBA?,Use structured thinking approach. Connect to business value. Show MBA-level strategic understanding and professional communication skills. Quantify impact where possible.,Documented in tracking,,,,,
Taurus Mutual Funds,Financial Services,Data Analyst Intern,Behavioral,Medium,Why are you interested in our company and this role?,Use structured thinking approach. Connect to business value. Show MBA-level strategic understanding and professional communication skills. Quantify impact where possible.,Documented in tracking,,,,,
Taurus Mutual Funds,Financial Services,Data Analyst Intern,Behavioral,Medium,Why did you choose Business Analytics as your specialization?,Use structured thinking approach. Connect to business value. Show MBA-level strategic understanding and professional communication skills. Quantify impact where possible.,Documented in tracking,,,,,
Vodafone-Idea,Financial Services,Data Analyst Intern,Behavioral,Medium,Describe a challenging project and how you overcame obstacles.,Use structured thinking approach. Connect to business value. Show MBA-level strategic understanding and professional communication skills. Quantify impact where possible.,Documented in tracking,,,,,
Vodafone-Idea,Telecommunications,Marketing Analytics,Behavioral,Medium,How do you handle working with cross-functional teams?,Use structured thinking approach. Connect to business value. Show MBA-level strategic understanding and professional communication skills. Quantify impact where possible.,Documented in tracking,,,,,
Vodafone-Idea,Telecommunications,Marketing Analytics,Behavioral,Medium,Tell me about a time you used data to solve a business problem.,Use structured thinking approach. Connect to business value. Show MBA-level strategic understanding and professional communication skills. Quantify impact where possible.,Documented in tracking,,,,,
Vodafone-Idea,Telecommunications,Marketing Analytics,Behavioral,Medium,Tell me about yourself.,Use structured thinking approach. Connect to business value. Show MBA-level strategic understanding and professional communication skills. Quantify impact where possible.,Documented in tracking,,,,,
Vodafone-Idea,Telecommunications,Marketing Analytics,Behavioral,Medium,"Walk me through your resume, focusing on analytics or data-driven projects.",Use structured thinking approach. Connect to business value. Show MBA-level strategic understanding and professional communication skills. Quantify impact where possible.,Documented in tracking,,,,,
Vodafone-Idea,Telecommunications,Marketing Analytics,Behavioral,Medium,What are your long-term career goals in analytics?,Use structured thinking approach. Connect to business value. Show MBA-level strategic understanding and professional communication skills. Quantify impact where possible.,Documented in tracking,,,,,
Vodafone-Idea,Telecommunications,Marketing Analytics,Behavioral,Medium,What motivates you to work in the analytics field?,Use structured thinking approach. Connect to business value. Show MBA-level strategic understanding and professional communication skills. Quantify impact where possible.,Documented in tracking,,,,,
Vodafone-Idea,Telecommunications,Marketing Analytics,Behavioral,Medium,Why MBA?,Use structured thinking approach. Connect to business value. Show MBA-level strategic understanding and professional communication skills. Quantify impact where possible.,Documented in tracking,,,,,
Vodafone-Idea,Telecommunications,Marketing Analytics,Behavioral,Medium,Why are you interested in our company and this role?,Use structured thinking approach. Connect to business value. Show MBA-level strategic understanding and professional communication skills. Quantify impact where possible.,Documented in tracking,,,,,
Vodafone-Idea,Telecommunications,Marketing Analytics,Behavioral,Medium,Why did you choose Business Analytics as your specialization?,Use structured thinking approach. Connect to business value. Show MBA-level strategic understanding and professional communication skills. Quantify impact where possible.,Documented in tracking,,,,,
Accenture AIOC,Telecommunications,Marketing Analytics,Technical,Medium, What is coefficient of determination?,Coefficient of Determination (R²): Shows how well independent variables explain variation in dependent variable; value ranges 0 to 1 (higher = better fit).,Yes,,,,,
Accenture AIOC,Marketing Analytics,Data Science Sr Analyst,Technical,Medium, What is F test?,Checks if the regression model is statistically significant; if at least one predictor meaningfully explains the dependent variable.,Yes,,,,,
Accenture AIOC,Marketing Analytics,Data Science Sr Analyst,Technical,, What is Monte Carlo simulation?,Uses random sampling and repeated computations to estimate probabilities or outcomes of uncertain events.,Yes,,,,,
Accenture AIOC,Marketing Analytics,Data Science Sr Analyst,Technical,, What is precision and recall?,"Precision = Correct Positives / Total Predicted Positives; Recall = Correct Positives / Total Actual Positives. Precision for accuracy, recall for completeness.",Yes,,,,,
Accenture AIOC,Marketing Analytics,Data Science Sr Analyst,Technical,, What are window functions?,"SQL functions that perform calculations across a set of related table rows (running totals, ranks, averages, etc.)",Yes,,,,,
Accenture AIOC,Marketing Analytics,Data Science Sr Analyst,Technical,, What is imbalanced data?,"Classes or labels not equally represented (e.g., 95% Negative, 5% Positive).",Yes,,,,,
Accenture AIOC,Marketing Analytics,Data Science Sr Analyst,Technical,, Why does it matter?,High accuracy hides poor detection of minority (important) class — model could be useless for rare but critical targets.,Yes,,,,,
Accenture AIOC,Marketing Analytics,Data Science Sr Analyst,Technical,, How to tackle imbalanced data?,"Oversampling, under sampling, and SMOTE.",Yes,,,,,
Accenture AIOC,Marketing Analytics,Data Science Sr Analyst,Technical,, How many joins are there in SQL and what is inner join?,"Inner join, left join, right join, cross join, outer join. Inner join: only matching rows in both tables are returned.",Yes,,,,,
Accenture AIOC,Marketing Analytics,Data Science Sr Analyst,Technical,, What is the use of SUMIFS?,Adds numbers only for rows meeting specific conditions.,Yes,,,,,
Accenture AIOC,Marketing Analytics,Data Science Sr Analyst,Technical,, Difference between ARIMA and SARIMA?,"ARIMA: time series forecasting for non-seasonal data; SARIMA: handles seasonality — fixed repeating patterns (monthly, quarterly, yearly, etc.).",Yes,,,,,
Accenture Strategy,Marketing Analytics,Data Science Sr Analyst,Technical Assessment,, What is supply chain,"End to end process from procurement, production, inventory to customer support",Yes,,,,,
Accenture Strategy,Consulting & Data Science,Decision Science Consulting Intern,Technical Assessment Round,," CAT level aptitude questions (pattern matching, DILR, quantitative maths)","Answers based on graph (DILR), finding patterns, and quantitative maths",Yes,,,,,
Accenture Strategy,Consulting & Data Science,Decision Science Consulting Intern,Technical Assessment Round,," SQL, Python, PySpark, Hadoop, NLP concepts (GAN, backpropagation, code snippets)","Selected correct code outputs, concepts with correct definitions, properties, Spark and Hadoop commands",Yes,,,,,
Accenture Strategy,Consulting & Data Science,Decision Science Consulting Intern,Technical Interview Round 1,," Explain your python projects, libraries and functions used","Explained project on sentiment analysis in detail, libraries like sklearn, numpy, pandas, seaborn, etc.",Yes,,,,,
Accenture Strategy,Consulting & Data Science,Decision Science Consulting Intern,Technical Interview Round 1,, Scenario: Merge customer data from 5 CSVs with/without common keys and visualize using Excel,Excel Power Query's Transform Data used to merge; writes queries for no common keys. Final CSV used for aggregation/plots.,Yes,,,,,
Accenture Strategy,Consulting & Data Science,Decision Science Consulting Intern,Technical Interview Round 1,," What did you work on in PwC, what were your responsibilities?","Worked as backend engineer in an internal project (Spring Boot, microservices, Java); described day-to-day responsibilities",Yes,,,,,
Accenture Strategy,Consulting & Data Science,Decision Science Consulting Intern,Technical Interview Round 1,," How did you work in a cross-functional team, work culture, task assignment?","Worked in a 108-member cross-functional team, 20-30 per subteam. Agile framework, ADO for product roadmaps, scrum, task mgt.",Yes,,,,,
Accenture Strategy,Consulting & Data Science,Decision Science Consulting Intern,Technical Interview Round 2,," Explain sentiment analysis project, aims, methodology","Explained project in depth; described metrics (accuracy, recall, confusion matrix), key techniques (BoW, countvectorizer, TF-IDF, RandomForestClassifier), choice of models, training-testing split",Yes,,,,,
Accenture Strategy,Consulting & Data Science,Decision Science Consulting Intern,Technical Interview Round 2,," R project on Divvy Bike Sharing of Chicago, forecasting techniques used and why","Described TSA project: seasonality, trend analysis, SARIMA vs ARIMA, ACF, PACF, ADF tests, R libraries and visualizations used in technique selection",Yes,,,,,
Accenture Strategy,Consulting & Data Science,Decision Science Consulting Intern,Technical Interview Round 2,," Case: Ola Electric ad campaign has high positive engagement, but no ROI. What next, strategically?","Advised customer segmentation, market and competitor analysis, targeted campaigns by user group, Gen Z phrasing, location/user analysis, sustainability messaging, and campaign modifications for performance",Yes,,,,,
Accenture Strategy,Consulting & Data Science,Decision Science Consulting Intern,Technical Interview Round,, Introduction,Gave introduction covering background and skills.,Yes,,,,,
Accenture Strategy,Consulting & Data Science,Decision Science Consulting Intern,Technical Interview Round,, Questions on projects,Explained complete data science pipeline.,Yes,,,,,
Accenture Strategy,Consulting & Data Science,Decision Science Consulting Intern,Technical Interview Round,, Question on hypothesis testing and p value,Explained with examples.,Yes,,,,,
Accenture Strategy,Consulting & Data Science,Decision Science Consulting Intern,Final Interview,, Generative AI and RAG application building,Mentioned RAG projects done.,Yes,,,,,
Accenture Strategy,Consulting & Data Science,Decision Science Consulting Intern,Final Interview,, Agentic AI,Gave definition with example use case.,Yes,,,,,
Accenture Strategy,Consulting & Data Science,Decision Science Consulting Intern,Final Interview,, Data Science Pipeline,Explained credit risk modelling project pipeline.,Yes,,,,,
Accenture Strategy,Consulting & Data Science,Decision Science Consulting Intern,Final Interview,, Temperature meaning in LLMs,Controls randomness of LLM's response.,Yes,,,,,
Accenture Strategy,Consulting & Data Science,Decision Science Consulting Intern,Final Interview,, Difference between chunks and embedding in RAG context,Explained with example.,Yes,,,,,
Accenture Strategy,Consulting & Data Science,Decision Science Consulting Intern,Technical Interview Round 1,, Explain your role in your work experience?,"Started as a writer/editor, helped build the team, collaborated cross-functionally, worked with digital marketing, focused on delivering strategic results.",Yes,,,,,
Accenture Strategy,Consulting & Data Science,Decision Science Consulting Intern,Technical Interview Round 1,, Tell me about assortment analysis in your summer internship experience?,"Assortment is derived from sales data gaps, filled in next cycles, focusing on specific product bricks and categories.",Yes,,,,,
Accenture Strategy,Consulting & Data Science,Decision Science Consulting Intern,Technical Interview Round 1,, Explain unsupervised learning?,ML algorithms use unlabelled data. Clustering algorithms like K-Means and Hierarchical.,Yes,,,,,
Accenture Strategy,Consulting & Data Science,Decision Science Consulting Intern,Technical Interview Round 2,, Explain GenAI through projects.,Focus on project methodologies in full detail.,Yes,,,,,
Accenture Strategy,Consulting & Data Science,Decision Science Consulting Intern,Technical Interview Round 2,, How do you change rows into columns in python?,By using the pivot function.,Yes,,,,,
Accenture Strategy,Consulting & Data Science,Decision Science Consulting Intern,Technical Assessment Round,,Candidate was asked to introduce themselves. ,"Introduction should have a quick walkthrough of the academic journey along with extra curriculars and notable achievements if any. Mention your hobbies or interests[brief]. 
Crisp and completed in 60 seconds. Keep on refining the introduction until you can carry it confidently. ",Yes,,,,,
Accenture Strategy,Consulting & Data Science,Decision Science Consulting Intern,Technical Interview Round 1,,"Candidate was asked about their internship experience, projects worked on and business impact if any","Internship experience varies person to person. Mention highlights of the project worked on and talk confidently about the learnings and tools utilized.
Candidate should understand the workings of the business unit or department and how the project/work was tied ",Yes,,,,,
Accenture Strategy,Consulting & Data Science,Decision Science Consulting Intern,Technical Interview Round 1,, Tell me about your internship (SI)? What kind of projects did you do and their business impacts?,Answered,Yes,,,,,
Accenture Strategy,Consulting & Data Science,Decision Science Consulting Intern,Technical Interview Round 1,,"Candidate was asked to explain the projects in-depth. Tools used, techniques explored. Insights made and the problems encountered during implementation.",Answered,Yes,,,,,
Accenture Strategy,Consulting & Data Science,Decision Science Consulting Intern,Technical Interview Round 1,, In your ML projects what models did you use and how did you use them? [Resume & Project Specific],Answered,Yes,,,,,
Accenture Strategy,Consulting & Data Science,Decision Science Consulting Intern,Technical Interview Round 1,,"Understanding limitations of specific models and use-case. Pro's and Con's of a decision.
Candidate reported : Why use random forest? Issues with this model and how to overcome them? What if you change a parameter (name) to infinity? Effect on model? ",Answered,Yes,,,,,
Accenture Strategy,Consulting & Data Science,Decision Science Consulting Intern,Technical Interview Round 1,,"[Data Cleaning and ETL Basics]
How to deal with imbalance in the dataset? ",Answered,Yes,,,,,
Accenture Strategy,Consulting & Data Science,Decision Science Consulting Intern,Technical Interview Round 1,," Model Evaluation and Re-training Concepts. 
Candidate was asked about the kind of evaluation matrix used for random forest and K-means clustering algorithm",Answered,Yes,,,,,
Accenture Strategy,Consulting & Data Science,Decision Science Consulting Intern,Final Interview Round 2,,Why MBA? Why MBA in Business Analytics,Answered,Yes,,,,,
Accenture Strategy,Consulting & Data Science,Decision Science Consulting Intern,Final Interview Round 2,, Non-tech background: why choose tech side instead of general MBA? Any undergrad event that led to this?,Answered,Yes,,,,,
Accenture Strategy,Consulting & Data Science,Decision Science Consulting Intern,Final Interview Round 2,,Candidate was asked about biggest strength and weakness? How are they addressing them?,Answered,Yes,,,,,
Accenture Strategy,Consulting & Data Science,Decision Science Consulting Intern,Final Interview Round 2,,Are you comfortable working daily with technical tools and coding? Or will you feel trapped if majority of the work is technical and code intensive,Answered,Yes,,,,,
MiQ,Consulting & Data Science,Decision Science Consulting Intern,Technical Assessment,, Python 2 Basic DSA Questions on BFS/DFS,Answered accordingly,,,,,,
MiQ,Marketing Analytics,Senior Analyst,Technical Assessment,, SQL MCQ Questions,Answered accordingly,,,,,,
MiQ,Marketing Analytics,Senior Analyst,Technical Assessment,, Basic Statistics & Aptitude Questions,Answered accordingly,,,,,,
MiQ,Marketing Analytics,Senior Analyst,Technical Interview,, Walk me through your work ex,Explained Work ex in detail,,,,,,
MiQ,Marketing Analytics,Senior Analyst,Technical Interview,, Walk me through your projects,Explained projects in detail,,,,,,
MiQ,Marketing Analytics,Senior Analyst,Technical Interview,, Ola's Business is stagnating. How would you revive it.,Did data analysis and general discussion,,,,,,
MiQ,Marketing Analytics,Senior Analyst,Managerial Interview,, Walk me through your projects,Explained projects in detail,,,,,,
MiQ,Marketing Analytics,Senior Analyst,Managerial Interview,," Here is this product (shows image), how would you advertise it?",Applied S.T.P Framework to answer,,,,,,
MiQ,Marketing Analytics,Senior Analyst,Managerial Interview,," Here is this product (shows other image), how would you advertise?",Applied S.T.P Framework,,,,,,
MiQ,Marketing Analytics,Senior Analyst,HR Interview,, Explain any Conflict of Interest Situation,Answered,,,,,,
MiQ,Marketing Analytics,Senior Analyst,HR Interview,, Who is your source of Inspiration?,Answered,,,,,,
MiQ,Marketing Analytics,Senior Analyst,HR Interview,, Any role where you had to take a leadership position,Answered,,,,,,
MiQ,Marketing Analytics,Senior Analyst,HR Interview,, What made you interested in applying for MIQ,Answered,,,,,,
MiQ,Marketing Analytics,Senior Analyst,Technical test,, Python: Write code,Wrote code,,,,,,
MiQ,Marketing Analytics,Senior Analyst,Technical test,, Python: Write code,Wrote code,,,,,,
MiQ,Marketing Analytics,Senior Analyst,Technical test,, Python: Questions based on Dictionary,Answered,,,,,,
MiQ,Marketing Analytics,Senior Analyst,Technical test,, SQL: Questions based on Window Functions,Answered,,,,,,
MiQ,Marketing Analytics,Senior Analyst,Technical test,, Statistics: Find out the variance,Answered,,,,,,
MiQ,Marketing Analytics,Senior Analyst,Technical test,, Statistics: Multicollinearity,Answered,,,,,,
MiQ,Marketing Analytics,Senior Analyst,Technical test,, Logical Reasoning questions,Answered,,,,,,
MiQ,Marketing Analytics,Senior Analyst,Cognitive Test,, Find the odd man out,Answered,,,,,,
MiQ,Marketing Analytics,Senior Analyst,Cognitive Test,, Complete the sequence,Answered,,,,,,
MiQ,Marketing Analytics,Senior Analyst,Cognitive Test,, Describe the images,Answered,,,,,,
MiQ,Marketing Analytics,Senior Analyst,Cognitive Test,, Describe the video,Answered,,,,,,
MiQ,Marketing Analytics,Senior Analyst,Technical Interview,, Question about my day and education,Told,,,,,,
MiQ,Marketing Analytics,Senior Analyst,Technical Interview,," Questions about the test, basically more about stats",Told,,,,,,
MiQ,Marketing Analytics,Senior Analyst,Technical Interview,," SQL Query writeups (one basic, 2 window based)",Difficulty with one window function ques,,,,,,
MiQ,Marketing Analytics,Senior Analyst,Technical Interview,,Guesstimate: iPhone sales in China,I reached to the conclusion of 1M,,,,,,
MiQ,Marketing Analytics,Senior Analyst,Technical Interview,,Python Questions like difference between 5/2 and 5//2,"Struggled; no deep Python background, just analytics",,,,,,
MiQ,Marketing Analytics,Senior Analyst,Technical Interview Round 1,,"Write SQL queries (joins, filtering, grouping, aggregation)","Explained and demonstrated various joins, WHERE, GROUP BY, etc.",,,,,,
MiQ,Marketing Analytics,Senior Analyst,Technical Interview Round 1,, LinkedIn Club funnel conversion rate improvement method,"Outlined root-cause analysis, RICE framework usage, implemented changes",,,,,,
MiQ,Marketing Analytics,Senior Analyst,Technical Interview Round 1,,(Python): Write code to reverse a string and to find the most frequent word in a given sentence.,For string reversal: slicing method (string[::-1]); for frequent word: Python�s collections.Counter class,,,,,,
MiQ,Marketing Analytics,Senior Analyst,Technical Interview Round 1,," (Statistics): Explain difference between mean, median, mode, define standard deviation, effect of shifting dataset","Mean is average, median is middle value, mode is most frequent; standard deviation measures spread, shifting data affects mean, not variance or SD",,,,,,
MiQ,Marketing Analytics,Senior Analyst,Technical Interview Round 1,,(Analytical Thinking): Suppose I want to launch a new feature. How would you approach it?,"Define objective/success, research user insights, prioritize (RICE), MVP design, and plan A/B testing",,,,,,
MiQ,Marketing Analytics,Senior Analyst,Technical Interview Round 1,, (Guesstimate): Estimate t-shirts sold on Amazon in Bangalore,"Segmented by population, online shoppers, Amazon share, category, frequency; arrived at ballpark estimate",,,,,,
MiQ,Marketing Analytics,Senior Analyst,Technical Round 2,," (SQL): Write queries (joins, LEAD/LAG, cumulative sum)","Explained different joins, used window functions, demonstrated cumulative SUM()",,,,,,
MiQ,Marketing Analytics,Senior Analyst,Technical Round 2,, (SQL � Conceptual): Prove Outer Join + Inner Join = Left Join + Right Join.,Proved using Venn diagram set representation,,,,,,
MiQ,Marketing Analytics,Senior Analyst,Technical Round 2,, (Python): What is the difference between NumPy and Pandas?,"NumPy for numerical arrays/matrices; Pandas for tabular, structured data (DataFrames/Series)",,,,,,
MiQ,Marketing Analytics,Senior Analyst,Technical Round 2,,(Python Workflow): How would you analyze a large-scale dataset?,"Define problem, clean data, handle nulls, perform EDA before modeling",,,,,,
MiQ,Marketing Analytics,Senior Analyst,Technical Round 2,, (Python Data Handling): Convert categorical to numerical data,"Explained One-Hot Encoding, label encoding, and embeddings",,,,,,
MiQ,Marketing Analytics,Senior Analyst,Technical Round 2,, (Evaluation Metrics): How do you evaluate model performance?,"Use confusion matrix, derive accuracy, precision, recall, F1-score",,,,,,
MiQ,Marketing Analytics,Senior Analyst,Technical Round 2,," (Career Aspirations): 5-year plan, Product vs Data Analyst","Expressed interest in Product Analyst role, open to Senior Analyst as foundation",,,,,,
MiQ,Marketing Analytics,Senior Analyst,Technical Round 2,," (Time Series): Explain ARIMA, SARIMA, GARCH","ARIMA � stationary, SARIMA � seasonal, GARCH � volatility modeling",,,,,,
MiQ,Marketing Analytics,Senior Analyst,Technical Round 2,," (ARIMA Details): What do P, D, Q stand for?","P: autoregressive order, D: differencing order, Q: moving average order",,,,,,
MiQ,Marketing Analytics,Senior Analyst,Technical Round 2,, (Managerial): Why choose MBA in Business Analytics?,"Described aligning business/data skills, career goals toward Product Analyst",,,,,,
MiQ,Marketing Analytics,Senior Analyst,HR Interview,, Why do you want to be a Senior Analyst at MIQ?,"Explained interest in analytics and business value, highlighted fit for MIQ",,,,,,
MiQ,Marketing Analytics,Senior Analyst,HR Interview,,What do you know about MIQ? How did you hear about MIQ?,"Explained MIQ�s advertising/data, learned via placement, networking",,,,,,
MiQ,Marketing Analytics,Senior Analyst,HR Interview,,Are you excited about joining MIQ?,"Yes, described company�s reputation and fit with career aspirations",,,,,,
MiQ,Marketing Analytics,Senior Analyst,HR Interview,,Define yourself in three words,"confident, adaptative, patient",,,,,,
MiQ,Marketing Analytics,Senior Analyst,HR Interview,, How do you make time for other activities?,"Manages time, prioritizes, shared experience (silver medal won)",,,,,,
MiQ,Marketing Analytics,Senior Analyst,HR Interview,, Handling high-priority work and other tasks,"Reprioritize, communicate clear, focus on critical first, efficient planning",,,,,,
MiQ,Marketing Analytics,Senior Analyst,HR Interview,, Which web series are you watching lately?,"Shared series, made interview conversational",,,,,,
MiQ,Marketing Analytics,Senior Analyst,Technical Interview Round 1,, You are given a table containing data of students and another table having data of new students. Identify the names of students who belong to Section A.,"I wrote an SQL query using a subquery to identify the names of students belonging to Section A. Using those names, I picked out the matching records from the parent table.",,,,,,
MiQ,Marketing Analytics,Senior Analyst,Technical Interview Round 1,, There are two tables � Orders and Customers. Find the customer name and the time of their first purchase.,"I solved this using the RANK() function. I ranked the dates in ascending order, partitioned by customer, and used LIMIT 1 to select the first purchase date for each customer.",,,,,,
MiQ,Marketing Analytics,Senior Analyst,Technical Interview Round 1,, Python question: Reverse a string.,Str[::-1],,,,,,
MiQ,Marketing Analytics,Senior Analyst,Technical Interview Round 1,, SQL: Group the data and then filter rows using HAVING clause.,I wrote an SQL query using GROUP BY and applied the HAVING clause to filter aggregated results.,,,,,,
MiQ,Marketing Analytics,Senior Analyst,Technical Interview Round 1,," Ten features for an app, limited time. How to handle?","Used the MoSCoW method (Must have, Should have, Could have, Won�t have) to prioritize features based on business value and time constraints.",,,,,,
MiQ,Marketing Analytics,Senior Analyst,Technical Interview Round 1,, Estimate iPhones sold in China.,"Segmented population by rural/urban, age groups, applied �brand love� matrix, calculated share leaning toward iPhone�reached estimate using structured approach.",,,,,,
MiQ,Marketing Analytics,Senior Analyst,Technical Interview Round 1,, Explain work experience.,Explained work experience and answered follow-up questions about projects and responsibilities.,,,,,,
MiQ,Marketing Analytics,Senior Analyst,Technical Interview Round 2,, Introduce yourself.,"Gave brief background about education, skills, and work experience.",,,,,,
MiQ,Marketing Analytics,Senior Analyst,Technical Interview Round 2,, Explain work experience.,Explained experience in detail and responded to counter-questions about responsibilities and learnings.,,,,,,
MiQ,Marketing Analytics,Senior Analyst,Technical Interview Round 2,, Ola�s revenue is decreasing; provided dataset. Main reason and suggestions?,"Identified cancellation hotspots and peak hours to improve cab frequency and customer satisfaction, suggested ways to increase revenue.",,,,,,
MiQ,Marketing Analytics,Senior Analyst,Technical Interview Round 2,, Count number of items using Python.,Used collections.Counter to count item frequencies.,,,,,,
MiQ,Marketing Analytics,Senior Analyst,Technical Interview Round 2,, Difference between NumPy and Pandas?,"NumPy for numerical computations/homogeneous data, Pandas for tabular/heterogeneous data manipulation, handling missing values.",,,,,,
MiQ,Marketing Analytics,Senior Analyst,Technical Interview Round 2,, Difference between List and Tuple in Python?,"Lists are mutable, Tuples are immutable.",,,,,,
MiQ,Marketing Analytics,Senior Analyst,Technical Interview Round 2,, Convert categorical values to numerical values?,Explained One-Hot Encoding and other methods based on types and use case.,,,,,,
MiQ,Marketing Analytics,Senior Analyst,Technical Interview Round 2,, Multiple SQL (2�3) and Python (1�2) questions.,Wrote queries and solved all problems given.,,,,,,
MiQ,Marketing Analytics,Senior Analyst,HR Interview Round,, Introduce yourself.,"Introduced academic background, work experience, MBA specialization.",,,,,,
MiQ,Marketing Analytics,Senior Analyst,HR Interview Round,, Swap position with anyone�who and why?,"Chose Prime Minister of India; inspired by leadership and welfare-oriented decisions, bold decision-making.",,,,,,
MiQ,Marketing Analytics,Senior Analyst,HR Interview Round,, Why do you want to join our company?,"Prior analytics experience, seeking growth and leadership in analytics via MIQ, eager to drive initiatives and align goals with organization�s vision.",,,,,,
MiQ,Marketing Analytics,Senior Analyst,HR Interview Round,, Why pursue MBA?,"Wanted to expand skills, increase opportunities, MBA in analytics provides both technical and managerial growth.",,,,,,
MiQ,Marketing Analytics,Senior Analyst,HR Interview Round,, Any questions for us?,Asked about how AI is being leveraged at MIQ Digital.,,,,,,
MiQ,Marketing Analytics,Senior Analyst,Technical Assessment,, Python Question- Find the output,Wrote python code as per instructions and found the expected output,,,,,,
MiQ,Marketing Analytics,Senior Analyst,Technical Assessment,, SQL MCQ/Window Function,Answered the MCQ and wrote a SQL query using window function,,,,,,
MiQ,Marketing Analytics,Senior Analyst,Technical Assessment,, Statistics/Variance,Explained the concept of variance and methods for calculating it,,,,,,
MiQ,Marketing Analytics,Senior Analyst,Technical Interview,, Explain about your project experience and learnings,"Discussed past analytics projects, explaining impact, learning, and problem-solving applied in each",,,,,,
MiQ,Marketing Analytics,Senior Analyst,Technical Interview,, Guesstimate- Ola cab rides/daily city,Used segmentation logic for estimating daily cab rides in the city,,,,,,
MiQ,Marketing Analytics,Senior Analyst,Technical Interview,," SQL Query using join, subquery, ranking",Constructed a SQL query with JOIN and used ranking/window functions to solve,,,,,,
MiQ,Marketing Analytics,Senior Analyst,Technical Interview,, Product improvement for an app,Proposed app feature enhancements and explained steps for roll-out/impact measurement,,,,,,
MiQ,Marketing Analytics,Senior Analyst,Technical Interview,, Python: Write code for reversing string,Used slicing operation (string[::-1]) and explained logic,,,,,,
MiQ,Marketing Analytics,Senior Analyst,Managerial/HR Interview,, Why do you want to join MIQ?,Shared alignment with MIQ�s data-driven roles and my analytics/business background,,,,,,
MiQ,Marketing Analytics,Senior Analyst,Managerial/HR Interview,, Tell me about a time you worked under a deadline,Shared a deadline-driven project experience describing approach and outcome,,,,,,
MiQ,Marketing Analytics,Senior Analyst,Managerial/HR Interview,, How do you handle feedback and failure?,Described taking feedback as constructive and shared example of turning failure into learning,,,,,,
MiQ,Marketing Analytics,Senior Analyst,Managerial/HR Interview,, Any questions for us?,Asked about organization�s learning and growth opportunities,,,,,,
MiQ,Marketing Analytics,Senior Analyst,Technical Assessment,, Python MCQ/Code,Answered Python MCQ and wrote code as per requirements,,,,,,
MiQ,Marketing Analytics,Senior Analyst,Technical Assessment,, SQL MCQ/Window Functions,Solved SQL MCQ and wrote query using window functions,,,,,,
MiQ,Marketing Analytics,Senior Analyst,Technical Assessment,," Statistics Concepts: Variance, mean, median",Explained each statistic and solved calculation-based question,,,,,,
MiQ,Marketing Analytics,Senior Analyst,Technical Interview,, Work experience and projects,"Discussed major analytics projects, responsibilities, and impact",,,,,,
MiQ,Marketing Analytics,Senior Analyst,Technical Interview,, SQL Join-based query,Wrote a multi-table SQL query with join and explained all steps,,,,,,
MiQ,Marketing Analytics,Senior Analyst,Technical Interview,, Product improvement for an e-commerce app,Proposed UI/feature improvements and explained decision logic,,,,,,
MiQ,Marketing Analytics,Senior Analyst,Technical Interview,, Python question: Find palindromes in a list,"Wrote a function, explained use of string reversal and conditionals",,,,,,
MiQ,Marketing Analytics,Senior Analyst,HR/Managerial Interview,, Why MIQ?,Discussed interest in analytics and MIQ�s global presence and culture,,,,,,
MiQ,Marketing Analytics,Senior Analyst,HR/Managerial Interview,, Handling conflicts and feedback,Shared specific example and approach to resolving stakeholder conflict,,,,,,
MiQ,Marketing Analytics,Senior Analyst,HR/Managerial Interview,, Tell me about a time you worked in a team,Shared experience with teamwork and result,,,,,,
MiQ,Marketing Analytics,Senior Analyst,HR/Managerial Interview,, Any questions for us?,Asked about company vision and future plans,,,,,,
MiQ,Marketing Analytics,Senior Analyst,Technical Round,,Asked about Work ex in JSW Steel,Explained,,,,,,
MiQ,Marketing Analytics,Senior Analyst,Technical Round,,Tell me about Yourself,Told,,,,,,
MiQ,Marketing Analytics,Senior Analyst,Technical Round,, Asked about any one of the project mentioned,"Told about the GARCH(1,1) project",,,,,,
MiQ,Marketing Analytics,Senior Analyst,Technical Round,,"Asked about GARCH(1,1) Model",Explained,,,,,,
MiQ,Marketing Analytics,Senior Analyst,Technical Round,,Asked to correct the SQL code in earlier assessment,Done,,,,,,
MiQ,Marketing Analytics,Senior Analyst,Technical Round,,Difference between numpy and pandas,Told,,,,,,
MiQ,Marketing Analytics,Senior Analyst,Technical Round,,What is time series,Told,,,,,,
MiQ,Marketing Analytics,Senior Analyst,Technical Round,, What is difference between SARIMA and Holt's Winter?,Told,,,,,,
MiQ,Marketing Analytics,Senior Analyst,Managerial Round,, Root cause + measures?,Gave 5 solutions,,,,,,
MiQ,Marketing Analytics,Senior Analyst,Managerial Round,,"Guesstimate: Kissan Jam launching Mango Jam, strategy to market it",Answered,,,,,,
MiQ,Marketing Analytics,Senior Analyst,Managerial Round,,Why do you want to work at MiQ?,Answered,,,,,,
MiQ,Marketing Analytics,Senior Analyst,Managerial Round,, Are you comfortable with that?,Answered,,,,,,
MiQ,Marketing Analytics,Senior Analyst,Managerial Round,,How comfortable are you with PySpark?,Told,,,,,,
MiQ,Marketing Analytics,Senior Analyst,HR Round,, Tell me about Yourself,Answered,,,,,,
MiQ,Marketing Analytics,Senior Analyst,HR Round,,What was your greatest achievement in past one year?,Answered,,,,,,
MiQ,Marketing Analytics,Senior Analyst,HR Round,, How will you handle when any person in your team disagrees with your idea?,Answered,,,,,,
MiQ,Marketing Analytics,Senior Analyst,HR Round,, What message would you like to give to your juniors?,Answered,,,,,,
MiQ,Marketing Analytics,Senior Analyst,Technical Assessment Online,, Write a Python code to get Excel column number from name,Answered,,,,,,
MiQ,Marketing Analytics,Senior Analyst,Technical Assessment Online,," Write Python code: shortest distance in tree with parent n, children 2n, 2n+1",Answered,,,,,,
MiQ,Marketing Analytics,Senior Analyst,Technical Assessment Online,," Python, Statistics, DILR, SQL MCQs",Answered,,,,,,
MiQ,Marketing Analytics,Senior Analyst,Cognitive Ability Assessment,," Find the odd pattern out (25 questions, each 3 seconds)",Answered,,,,,,
MiQ,Marketing Analytics,Senior Analyst,Cognitive Ability Assessment,," Pattern matching (15 questions, each 5 seconds)",Answered,,,,,,
MiQ,Marketing Analytics,Senior Analyst,Cognitive Ability Assessment,, Image - Perception in words,Answered,,,,,,
MiQ,Marketing Analytics,Senior Analyst,Cognitive Ability Assessment,, Video - Perception in words,Answered,,,,,,
MiQ,Marketing Analytics,Senior Analyst,Technical Assessment Offline,," Write about Standard Deviation, Mean, Mode, and Median in plain English",Answered,,,,,,
MiQ,Marketing Analytics,Senior Analyst,Technical Assessment Offline,," Couple of aptitude questions: Speed and Time, Profit and Loss, etc.",Answered,,,,,,
MiQ,Marketing Analytics,Senior Analyst,Technical Assessment Offline,," Python, Statistics, and SQL MCQs",Answered,,,,,,
MiQ,Marketing Analytics,Senior Analyst,Interview Round 1,, Why Analytics from Core Development (previous work ex)? Why not Product?,Answered,,,,,,
MiQ,Marketing Analytics,Senior Analyst,Interview Round 1,, Tell me all about yourself (elaborate),Answered,,,,,,
MiQ,Marketing Analytics,Senior Analyst,Interview Round 1,, What do you do outside college/interviews?,Answered,,,,,,
MiQ,Marketing Analytics,Senior Analyst,Interview Round 1,, What Python packages do you work with?,Answered,,,,,,
MiQ,Marketing Analytics,Senior Analyst,Interview Round 1,," Numpy vs Pandas, Matplotlib vs Plotly",Answered,,,,,,
MiQ,Marketing Analytics,Senior Analyst,Interview Round 1,, Decompose Time Series,Answered,,,,,,
MiQ,Marketing Analytics,Senior Analyst,Interview Round 1,, Difference between Seasonality and Cyclicity (Example),Answered,,,,,,
MiQ,Marketing Analytics,Senior Analyst,Interview Round 1,, Guesstimate,Answered,,,,,,
MiQ,Marketing Analytics,Senior Analyst,Interview Round 2,, SQL code for given data/question (3�5 questions),Answered,,,,,,
MiQ,Marketing Analytics,Senior Analyst,Interview Round 2,, How do you reverse a string in Python?,Answered,,,,,,
MiQ,Marketing Analytics,Senior Analyst,Interview Round 2,, Guesstimates (8�10 questions),Answered,,,,,,
MiQ,Marketing Analytics,Senior Analyst,Interview Round 2,, Explain insights from your projects,Answered,,,,,,
MiQ,Marketing Analytics,Senior Analyst,Interview Round 2,, Favorite subject and why?,Answered,,,,,,
MiQ,Marketing Analytics,Senior Analyst,Technical Interview Round 1,, Asked for Introduction,"I gave my introduction, covering my education, internship experience, club activities, and hobbies.",,,,,,
MiQ,Marketing Analytics,Senior Analyst,Technical Interview Round 1,," Logical Reasoning: 11 balls, one heavier, minimum weighings to guarantee finding it?","After some clarifying questions and discussion, I concluded that the answer is 3.",,,,,,
MiQ,Marketing Analytics,Senior Analyst,Technical Interview Round 1,," Swiggy dataset with timestamp, location, restaurant, cancel status, revenue, etc. Revenue is declining; suggest two strategies to increase revenue.","Suggested K-means clustering to identify declining localities and offer targeted incentives (coupons). Proposed logistic regression to predict cancellations, address high-risk customers, and reduce churn to improve revenue.",,,,,,
MiQ,Marketing Analytics,Senior Analyst,Technical Interview Round 1,, How would you handle categorical variables using NumPy in Python?,Explained encoding categorical variables into numerical values using pd.get_dummies in Pandas.,,,,,,
MiQ,Marketing Analytics,Senior Analyst,Technical Interview Round 1,, How does K-means clustering work & how do you decide the number of clusters?,K-means forms centroids; related values are clustered. Number of clusters decided by the elbow curve.,,,,,,
MiQ,Marketing Analytics,Senior Analyst,Technical Interview Round 1,, What are the values on x & y axis of elbow curve?,Was unable to answer and stated I couldn�t recall at that moment.,,,,,,
MiQ,Marketing Analytics,Senior Analyst,Technical Interview,, Design KPIs as director business intelligence of Flipkart,"Segregated KPIs as customer centric, financial level, growth aspect and operational level and expanded on them",,,,,,
MiQ,Marketing Analytics,Senior Analyst,Technical Interview,, Explain the crypto project based on time series modelling.,"Prepared well, knew mostly about it and explained it well",,,,,,
MiQ,Marketing Analytics,Senior Analyst,Technical Interview,, Why not SARIMA or Autoregression,Because I was generating short term trading signals so seasonality will not play any role,,,,,,
MiQ,Marketing Analytics,Senior Analyst,Technical Interview,, Accuracy and confusion matrix for the project,"Minimized drawdown; in finance, even with 60% directional accuracy you can beat the market if you can minimize the loss",,,,,,
MiQ,Marketing Analytics,Senior Analyst,Technical Interview,, Walk me through the financial wellness app you are building,"Showed prototype, received feedback, good 10 minutes discussion",,,,,,
MiQ,Marketing Analytics,Senior Analyst,Technical Interview,, A question sql subquery,"Standard subquery question wrote on the spot, also explained execution order of SQL functions",,,,,,
MiQ,Marketing Analytics,Senior Analyst,Technical Interview,, Implement joins on A-(A intersection B),Fumbled in implementation a bit but explained using Venn diagram and told approach,,,,,,
MiQ,Marketing Analytics,Senior Analyst,Technical Interview,, Logical error vs syntax error,Defined both with examples,,,,,,
MiQ,Marketing Analytics,Senior Analyst,Technical Interview,, Question on my internship,"Explained in detail, answered cross questions",,,,,,
MiQ,Marketing Analytics,Senior Analyst,Managerial Interview,, Case study on declining Stanley cups,"Broke down problem by parameters, provided solutions (marketing class knowledge handy)",,,,,,
MiQ,Marketing Analytics,Senior Analyst,Managerial Interview,, How would you target and segment specific audience,Spoke about Google Ads analytics for identifying target customers/segments,,,,,,
MiQ,Marketing Analytics,Senior Analyst,Managerial Interview,, How will you identify apt communication channels,"Based on segments; figured out proper channels, mainly Instagram for me",,,,,,
MiQ,Marketing Analytics,Senior Analyst,Managerial Interview,, How to identify right Insta influencers,Used lifestyle influencer category as apt for the campaign,,,,,,
MiQ,Marketing Analytics,Senior Analyst,Managerial Interview,, Time series project,Well prepared,,,,,,
MiQ,Marketing Analytics,Senior Analyst,Managerial Interview,," Differencing, log transformation, box-cox","Explained from time series class, significance of each",,,,,,
MiQ,Marketing Analytics,Senior Analyst,Managerial Interview,, No code tools,"Mentioned Lovable, Bolt, likes Gen AI so did not face difficulty",,,,,,
MiQ,Marketing Analytics,Senior Analyst,Managerial Interview,, Best coding tool for fewest errors,"Named Claude, compared with others",,,,,,
MiQ,Marketing Analytics,Senior Analyst,Managerial Interview,, LLMs quality improvements,Discussed rise in creative benchmarks,,,,,,
MiQ,Marketing Analytics,Senior Analyst,Managerial Interview,, LLM vs SLM,"Explained SLMs are efficient, can help agentic AI further",,,,,,
MiQ,Marketing Analytics,Senior Analyst,Managerial Interview,, Gen AI in marketing analytics,Related AI use cases with analytics,,,,,,
MiQ,Marketing Analytics,Senior Analyst,Managerial Interview,, Rate yourself in python,Rated 3.5 out of 5,,,,,,
MiQ,Marketing Analytics,Senior Analyst,Managerial Interview,, Are you open to learn pyspark,"Mentioned big data elective and coverage of tools like Pyspark, Amazon S3",,,,,,
MiQ,Marketing Analytics,Senior Analyst,HR Interview,, Why do you want to join MiQ,"Standard HR answer, personalized with intern experience and real scenarios",,,,,,
MiQ,Marketing Analytics,Senior Analyst,HR Interview,, Time when you showed leadership,"Standard HR answer, personalized with intern experience and real scenarios",,,,,,
MiQ,Marketing Analytics,Senior Analyst,HR Interview,, Time when you took initiative,"Standard HR answer, personalized with intern experience and real scenarios",,,,,,
MiQ,Marketing Analytics,Senior Analyst,HR Interview,, Where are you from,"Standard HR answer, personalized",,,,,,
MiQ,Marketing Analytics,Senior Analyst,HR Interview,, Work timings of my internship,"Standard HR answer, personalized",,,,,,
MiQ,Marketing Analytics,Senior Analyst,HR Interview,, As a senior analyst how would you resolve conflict,"Standard HR answer, personalized",,,,,,
MiQ,Marketing Analytics,Senior Analyst,HR Interview,, How would you handle impossible deadline,"Standard HR answer, personalized",,,,,,
MiQ,Marketing Analytics,Senior Analyst,Technical Assessment Round,, Basic questions in resume that interviewer didn�t understand or was curious about,"Answered it, about internship and projects.",,,,,,
MiQ,Marketing Analytics,Senior Analyst,Technical Assessment Round,," 2 tables given (customers, orders): SQL query to find top 2 cities by amount",Wrote the code,,,,,,
MiQ,Marketing Analytics,Senior Analyst,Technical Assessment Round,, Python code to reverse a string,Wrote the code,,,,,,
MiQ,Marketing Analytics,Senior Analyst,Technical Assessment Round,, Difference between 5/2 and 5//2,5/2=2.5 (decimal value); 5//2=2 (integer division),,,,,,
MiQ,Marketing Analytics,Senior Analyst,Technical Assessment Round,," Analytical solutions for why the company is losing customers (e.g., RIL)","More returns (damaged/quality issue), promised ship date not met, app issue (product shipped but not visible)",,,,,,
MiQ,Marketing Analytics,Senior Analyst,Technical Assessment Round,," Short on time: deliver project, what critical features to put in product (e.g., Zomato)","Show customer where food is, keep only one payment mode, limit ordering area",,,,,,
MiQ,Marketing Analytics,Senior Analyst,Technical Interview Round 1,, Python,Answered,,,,,,
MiQ,Marketing Analytics,Senior Analyst,Technical Interview Round 1,,SQL,Answered,,,,,,
MiQ,Marketing Analytics,Senior Analyst,Technical Interview Round 1,,Stats,Answered,,,,,,
MiQ,Marketing Analytics,Senior Analyst,Technical Interview Round 1,,LRDI,Answered,,,,,,
MiQ,Marketing Analytics,Senior Analyst,Technical Interview Round 2,,SQL window Functions,Answered,,,,,,
MiQ,Marketing Analytics,Senior Analyst,Technical Interview Round 2,,SQL query order,Answered,,,,,,
MiQ,Marketing Analytics,Senior Analyst,Technical Interview Round 2,,Subqueries,Answered,,,,,,
MiQ,Marketing Analytics,Senior Analyst,Technical Interview Round 2,, Python Syntax,Answered,,,,,,
MiQ,Marketing Analytics,Senior Analyst,Technical Interview Round 2,,Resume Projects,Answered,,,,,,
MiQ,Marketing Analytics,Senior Analyst,Technical Interview Round 2,, Stats and Hypothesis testing in Power Bi,Answered,,,,,,
MiQ,Marketing Analytics,Senior Analyst,Technical Interview Round 2,,"Data Manipulation, Handling and Cleaning",Answered,,,,,,
MiQ,Marketing Analytics,Senior Analyst,Technical Interview Round 2,, Time Series,Answered,,,,,,
MiQ,Marketing Analytics,Senior Analyst,Technical Interview Round 2,, Scenario based question,Answered,,,,,,
MiQ,Marketing Analytics,Senior Analyst,Technical Assessment Round,, 4 MCQ questions on Python followed by a descriptive coding ques on Python,Answered accordingly,,,,,,
MiQ,Marketing Analytics,Senior Analyst,Technical Assessment Round,, 4 MCQ questions on SQL followed by a descriptive coding ques on SQL,Answered accordingly,,,,,,
MiQ,Marketing Analytics,Senior Analyst,Technical Assessment Round,," What is mean, median, mode?",Answered accordingly,,,,,,
MiQ,Marketing Analytics,Senior Analyst,Technical Assessment Round,, What is standard deviation?,Answered accordingly,,,,,,
MiQ,Marketing Analytics,Senior Analyst,Technical Assessment Round,, What is variance?,Answered accordingly,,,,,,
MiQ,Marketing Analytics,Senior Analyst,Technical Assessment Round,," 2 logical reasoning ques on STD (speed, distance, time)",Solved them,,,,,,
MiQ,Marketing Analytics,Senior Analyst,Technical Interview Round,, Can you walk me through your resume quickly?,"Introduced myself, mentioned past work ex, internships, and projects",,,,,,
MiQ,Marketing Analytics,Senior Analyst,Technical Interview Round,, Why did you switch from Marine Engineering to Business Analytics?,Gave the prepared answer,,,,,,
MiQ,Marketing Analytics,Senior Analyst,Technical Interview Round,, Explain your fav project which you did in MBA?,"V-fast booking automation under Dean administration, use of no-code tools",,,,,,
MiQ,Marketing Analytics,Senior Analyst,Technical Interview Round,, Explain this Walmart project for me,"Explained project, tools/libraries used, insights from analysis",,,,,,
MiQ,Marketing Analytics,Senior Analyst,Technical Interview Round,, What would you rate yourself in Python and SQL?,7,,,,,,
MiQ,Marketing Analytics,Senior Analyst,Technical Interview Round,," Table with date and sales, write SQL code for sales every 6th occurrence",Wrote on paper as best as possible,,,,,,
MiQ,Marketing Analytics,Senior Analyst,Technical Interview Round,," Arrange SQL functions (select, join, limit, etc.) in order of execution",Wrote them accordingly,,,,,,
MiQ,Marketing Analytics,Senior Analyst,Technical Interview Round,, Calculate total sales of protein powders in Pilani,Guesstimate; used bottom-up approach,,,,,,
MiQ,Marketing Analytics,Senior Analyst,Technical Interview Round,, Diff between list and tuple?,Answered accordingly,,,,,,
MiQ,Marketing Analytics,Senior Analyst,Technical Interview Round,, Which takes less memory�list or tuple?,Tuple (shadow memory),,,,,,
MiQ,Marketing Analytics,Senior Analyst,Technical Interview Round,, What is shadow memory?,Could not remember at the time,,,,,,
MiQ,Marketing Analytics,Senior Analyst,Technical Interview Round,," Python: create a class to get output ""Mercedes S-Class 2017""","Used class, def, self to write the code",,,,,,
MiQ,Marketing Analytics,Senior Analyst,Technical Interview Round,," What does self function do, can code be more optimized without self?",Explained self; attempted more optimized code,,,,,,
MiQ,Marketing Analytics,Senior Analyst,Technical Interview,," Difference between numpy, pandas",I told them clearly,,,,,,
MiQ,Marketing Analytics,Senior Analyst,Technical Interview,, Difference between list and tuples,I answered well,,,,,,
MiQ,Marketing Analytics,Senior Analyst,Technical Interview,, What is OOPs and one code in OOPs,I wrote a partially right code,,,,,,
MiQ,Marketing Analytics,Senior Analyst,Technical Interview,, Formula of cosine similarity,I gave right answer,,,,,,
MiQ,Marketing Analytics,Senior Analyst,Technical Interview,, List comprehension question,I solved it on paper,,,,,,
MiQ,Marketing Analytics,Senior Analyst,Technical Interview,, MySQL functions and differences,I answered clearly all types of functions,,,,,,
MiQ,Marketing Analytics,Senior Analyst,Managerial Interview,, Explain projects,I explained in detail,,,,,,
MiQ,Marketing Analytics,Senior Analyst,Managerial Interview,, Explain subjects,I explained clearly,,,,,,
MiQ,Marketing Analytics,Senior Analyst,Managerial Interview,," 5 balls, one heavier, minimum balance weighings",2,,,,,,
MiQ,Marketing Analytics,Senior Analyst,Managerial Interview,, What is AWS architecture,Don't remember the answer,,,,,,
MiQ,Marketing Analytics,Senior Analyst,HR Interview,," Tell me about your family, hobby, UG, coming from",I answered all of these,,,,,,
MiQ,Marketing Analytics,Senior Analyst,HR Interview,, Tell me one thing you like/dislike about BITS,Told them,,,,,,
MiQ,Marketing Analytics,Senior Analyst,HR Interview,, How to handle conflicts,"Collaboration, transparency, empathy",,,,,,
MiQ,Marketing Analytics,Senior Analyst,Technical Assessment Round,, Which clause is used for filtering after aggregation?,WHERE,,,,,,
MiQ,Marketing Analytics,Senior Analyst,Technical Assessment Round,, What is data cleaning used for mainly?,"Removing duplicates, missing values etc.",,,,,,
MiQ,Marketing Analytics,Senior Analyst,Technical Interview Round,, Explain ANOVA in very simple terms for someone with no statistics,ANOVA is basically Analysis of Variance. Used when more than two independent groups exist and their statistical means differ.,,,,,,
MiQ,Marketing Analytics,Senior Analyst,Technical Interview Round,, What is stationarity?,"When a time series model has constant mean, variance, and autocorrelation, then it is called a stationary time series.",,,,,,
MiQ,Marketing Analytics,Senior Analyst,Technical Round,, About my resume & project mentioned,Answered,,,,,,
MiQ,Marketing Analytics,Senior Analyst,Technical Round,," About Topic modelling (LDA), concept behind it","Explained about the pipeline including count vectorization, TF-IDF (worked out on paper with example)",,,,,,
MiQ,Marketing Analytics,Senior Analyst,Technical Round,," 3-4 SQL questions, asked to write code","Used groupby clauses, joins, and correlated nested queries according to each query",,,,,,
MiQ,Marketing Analytics,Senior Analyst,Technical Round,, Python: Extract substring from strings,Used slicing operator,,,,,,
MiQ,Marketing Analytics,Senior Analyst,Technical Round,, Python OOPs: Print Fibonacci series using class/object,"Used class, created object, called function (object.fibonacci()), wrote logic for Fibonacci series",,,,,,
MiQ,Marketing Analytics,Senior Analyst,Managerial Round,, Questions on Resume,Answered,,,,,,
MiQ,Marketing Analytics,Senior Analyst,Managerial Round,, Guestimate: Monthly global chilli consumption (population values provided),Answered,,,,,,
MiQ,Marketing Analytics,Senior Analyst,Managerial Round,," Puzzle: 8 balls, one defective (heavier), minimum weighings to find the defective ball","Solved, got the answer as 3 (which is correct)",,,,,,
MiQ,Marketing Analytics,Senior Analyst,Managerial Round,," Situational questions (placed in situational scenarios, asked responses)",Answered,,,,,,
MiQ,Marketing Analytics,Senior Analyst,Managerial Round,, Internship experience in Aditya Birla,Answered,,,,,,
MiQ,Marketing Analytics,Senior Analyst,Technical Assessment Round,, Python - Dictionary MCQS,Answered,,,,,,
MiQ,Marketing Analytics,Senior Analyst,Technical Assessment Round,, Python coding: Find shortest path in BST with root node as 1,Answered,,,,,,
MiQ,Marketing Analytics,Senior Analyst,Technical Assessment Round,, Python Coding: Actual column no. of Excel column names,Answered,,,,,,
MiQ,Marketing Analytics,Senior Analyst,Technical Assessment Round,, SQL questions (Window functions),Answered,,,,,,
MiQ,Marketing Analytics,Senior Analyst,Technical Assessment Round,, Statistics (basics),Answered,,,,,,
MiQ,Marketing Analytics,Senior Analyst,Technical Assessment Round,, Data Interpretation,Answered,,,,,,
MiQ,Marketing Analytics,Senior Analyst,Psychometric Assessment,, Pattern matching,Answered,,,,,,
MiQ,Marketing Analytics,Senior Analyst,Psychometric Assessment,, Cognitive and critical thinking,Answered,,,,,,
MiQ,Marketing Analytics,Senior Analyst,Psychometric Assessment,, English Skills,Answered,,,,,,
MiQ,Marketing Analytics,Senior Analyst,On-campus Assessment,, Python very basics,Answered,,,,,,
MiQ,Marketing Analytics,Senior Analyst,On-campus Assessment,, SQL basics,Answered,,,,,,
MiQ,Marketing Analytics,Senior Analyst,On-campus Assessment,, Statistics basics,Answered,,,,,,
MiQ,Marketing Analytics,Senior Analyst,On-campus Assessment,, Aptitude basics,Answered,,,,,,
MiQ,Marketing Analytics,Senior Analyst,Technical Interview,, Work-Ex explanation,Answered,,,,,,
MiQ,Marketing Analytics,Senior Analyst,Technical Interview,," Python coding: Retrieval from DataFrame, first 4 letters from a column, slicing",Answered,,,,,,
MiQ,Marketing Analytics,Senior Analyst,Technical Interview,," SQL: Rolling sum of sales, weekly sum from sales data",Answered,,,,,,
MiQ,Marketing Analytics,Senior Analyst,Technical Interview,, Why analytics,Answered,,,,,,
MiQ,Marketing Analytics,Senior Analyst,Technical Interview,, Project specific explanations,Answered,,,,,,
HSBC,Marketing Analytics,Senior Analyst,Technical Assessment Round 1,, Inventory Turnover Ratio formula and how to interpret it?,Answered,,,,,,
HSBC,Finance & Banking,"GGP Intern, CIB Banking Intern, CIB Operations Intern",Technical Assessment Round 1,, Cash Conversion Cycle formula and how it should be interpreted?,Answered,,,,,,
HSBC,Finance & Banking,"GGP Intern, CIB Banking Intern, CIB Operations Intern",Technical Assessment Round 1,, List down Principles of Accounting.,Answered,,,,,,
HSBC,Finance & Banking,"GGP Intern, CIB Banking Intern, CIB Operations Intern",Technical Assessment Round 1,, Estimate the number of Two-Wheelers sold annually in India.,Answered,,,,,,
HSBC,Finance & Banking,"GGP Intern, CIB Banking Intern, CIB Operations Intern",Technical Assessment Round 1,, How do you measure performance of a team/individual in context of banking operations?,Answered,,,,,,
HSBC,Finance & Banking,"GGP Intern, CIB Banking Intern, CIB Operations Intern",Technical Assessment Round 1,," What metrics can you relate with ""revenue generation for the bank""?",Answered,,,,,,
HSBC,Finance & Banking,"GGP Intern, CIB Banking Intern, CIB Operations Intern",Technical Assessment Round 1,," Are you aware about the concept of ""Share of Wallet"" between Client and Us?",Answered,,,,,,
HSBC,Finance & Banking,"GGP Intern, CIB Banking Intern, CIB Operations Intern",Technical Assessment Round 1,, How many products are you aware of that are being offered by HSBC?,Answered,,,,,,
HSBC,Finance & Banking,"GGP Intern, CIB Banking Intern, CIB Operations Intern",Technical Assessment Round 2,, What procedure do you follow while starting to analyze data.,Answered,,,,,,
HSBC,Finance & Banking,"GGP Intern, CIB Banking Intern, CIB Operations Intern",Technical Assessment Round 2,, Have you encountered any other issues while dealing with data other than NULL values or duplicate values.,Answered,,,,,,
HSBC,Finance & Banking,"GGP Intern, CIB Banking Intern, CIB Operations Intern",Technical Assessment Round 2,, What is the difference between a retail bank and a multinational bank?,Answered,,,,,,
HSBC,Finance & Banking,"GGP Intern, CIB Banking Intern, CIB Operations Intern",Technical Assessment Round 2,, What are the sources of revenue for a multinational bank?,Answered,,,,,,
HSBC,Finance & Banking,"GGP Intern, CIB Banking Intern, CIB Operations Intern",Technical Assessment Round 2,, What are Hedge Funds and do they come under multinational banks like HSBC?,Answered,,,,,,
HSBC,Finance & Banking,"GGP Intern, CIB Banking Intern, CIB Operations Intern",Technical Assessment Round 2,, Do you have any questions for us?,Answered,,,,,,
HSBC,Finance & Banking,"GGP Intern, CIB Banking Intern, CIB Operations Intern",Technical Assessment Round 2,, What is your understanding of the role?,Answered,,,,,,
HSBC,Finance & Banking,"GGP Intern, CIB Banking Intern, CIB Operations Intern",HR Assessment Round 1,, Do you have any history associated to any Loan Default?,Answered,,,,,,
HSBC,Finance & Banking,"GGP Intern, CIB Banking Intern, CIB Operations Intern",HR Assessment Round 1,, Are you aware about the stipend being offered and the duration and location of the PS internship?,Answered,,,,,,
HSBC,Finance & Banking,"GGP Intern, CIB Banking Intern, CIB Operations Intern",HR Assessment Round 1,, Your Full Name,Answered,,,,,,
HSBC,Finance & Banking,"GGP Intern, CIB Banking Intern, CIB Operations Intern",HR Assessment Round 1,," What qualities do you bring to HSBC as a candidate other than hardworking, passion, discipline?",Answered,,,,,,
HSBC,Finance & Banking,"GGP Intern, CIB Banking Intern, CIB Operations Intern",HR Assessment Round 1,, Have you encountered any bottleneck situation in your life and how did you deal with it.,Answered,,,,,,
HSBC,Finance & Banking,"GGP Intern, CIB Banking Intern, CIB Operations Intern",Technical Interview R1,, CAPM (Definition + formula),Answered,,,,,,
HSBC,Finance & Banking,"GGP Intern, CIB Banking Intern, CIB Operations Intern",Technical Interview R1,, WACC,Answered,,,,,,
HSBC,Finance & Banking,"GGP Intern, CIB Banking Intern, CIB Operations Intern",Technical Interview R1,, Join SQL query,Answered,,,,,,
HSBC,Finance & Banking,"GGP Intern, CIB Banking Intern, CIB Operations Intern",Technical Interview R1,, Investment Banking Business Model,Answered,,,,,,
HSBC,Finance & Banking,"GGP Intern, CIB Banking Intern, CIB Operations Intern",Technical Interview R1,, How to Detect seasonality?,Answered,,,,,,
HSBC,Finance & Banking,"GGP Intern, CIB Banking Intern, CIB Operations Intern",Technical Interview R1,, How to check stationarity?,Answered,,,,,,
HSBC,Finance & Banking,"GGP Intern, CIB Banking Intern, CIB Operations Intern",Technical Interview R1,, XGBoost vs Prophet Modeling,Answered,,,,,,
HSBC,Finance & Banking,"GGP Intern, CIB Banking Intern, CIB Operations Intern",Technical Interview R1,, Explain your projects,Answered,,,,,,
HSBC,Finance & Banking,"GGP Intern, CIB Banking Intern, CIB Operations Intern",Technical Interview R1,, Work ex related questions,Answered,,,,,,
HSBC,Finance & Banking,"GGP Intern, CIB Banking Intern, CIB Operations Intern",Technical Interview R1,, Ensemble techniques,Answered,,,,,,
HSBC,Finance & Banking,"GGP Intern, CIB Banking Intern, CIB Operations Intern",Technical Interview R1,, Unit root problem,Answered,,,,,,
HSBC,Finance & Banking,"GGP Intern, CIB Banking Intern, CIB Operations Intern",Interview,, Introduce yourself,Walked through the resume,,,,,,
HSBC,Finance & Banking,"GGP Intern, CIB Banking Intern, CIB Operations Intern",Interview,, What all ratios are you aware of?,Mentioned some corporate finance ratios,,,,,,
HSBC,Finance & Banking,"GGP Intern, CIB Banking Intern, CIB Operations Intern",Interview,, Systematic/unsystematic risk,Answered,,,,,,
HSBC,Finance & Banking,"GGP Intern, CIB Banking Intern, CIB Operations Intern",Interview,, Are you an Indian?,Answered,,,,,,
HSBC,Finance & Banking,"GGP Intern, CIB Banking Intern, CIB Operations Intern",Technical Interview Round,, Describe your internship experience.,Shared key responsibilities and skills gained during internship.,,,,,,
HSBC,Finance & Banking,"GGP Intern, CIB Banking Intern, CIB Operations Intern",Technical Interview Round,, What topics were covered in Predictive Analytics?,"Techniques: Logistic Regression, Random Forest. Focus on building, evaluating, predicting.",,,,,,
HSBC,Finance & Banking,"GGP Intern, CIB Banking Intern, CIB Operations Intern",Managerial Interview Round,, Can you explain the Profit & Loss statement and mention some key line items?,"P&L summarizes revenues, costs, and expenses; highlighted salaries, bad debt, etc.",,,,,,
HSBC,Finance & Banking,"GGP Intern, CIB Banking Intern, CIB Operations Intern",Managerial Interview Round,, Explain the CAPM Model.,Model is used to assess risk-adjusted return and support informed decision making.,,,,,,
HSBC,Finance & Banking,"GGP Intern, CIB Banking Intern, CIB Operations Intern",HR Interview Round,, Why HSBC?,Explained growth opportunities and career advancement in the organization.,,,,,,
HSBC,Finance & Banking,"GGP Intern, CIB Banking Intern, CIB Operations Intern",HR Interview Round,, Tell me about a challenging scenario you faced in work experience.,Described project bottleneck and elaborated approach to resolution.,,,,,,
HSBC,Finance & Banking,"GGP Intern, CIB Banking Intern, CIB Operations Intern",Online Assessment Round,,Psychometric test � Purpose: to evaluate if a candidate fits culture & role beyond academic/technical,Answered,,,,,,
HSBC,Finance & Banking,"GGP Intern, CIB Banking Intern, CIB Operations Intern",Technical Interview Round 1,, Introduce Yourself,I introduce myself based on my profile.,,,,,,
HSBC,Finance & Banking,"GGP Intern, CIB Banking Intern, CIB Operations Intern",Technical Interview Round 1,," Preference Quant Analyst, here for CIB Banking COO: why?",Create a story convincing why I am interested in this role.,,,,,,
HSBC,Finance & Banking,"GGP Intern, CIB Banking Intern, CIB Operations Intern",Technical Interview Round 1,, Why MBA in Business Analytics?,Highlighted my interest towards data and analytics.,,,,,,
HSBC,Finance & Banking,"GGP Intern, CIB Banking Intern, CIB Operations Intern",Technical Interview Round 1,," General awareness (HSBC head, RBI head, full form HSBC, latest news)",Unaware of HSBC head; answered on RBI head (Mr. Sanjay Malhotra).,,,,,,
HSBC,Finance & Banking,"GGP Intern, CIB Banking Intern, CIB Operations Intern",Technical Interview Round 1,," Who is current Fed Chairman, opinion on Trump tariffs & impact on India",Jerome Powell; explained tariff impact on India.,,,,,,
HSBC,Finance & Banking,"GGP Intern, CIB Banking Intern, CIB Operations Intern",Technical Interview Round 1,, Explain RBI monetary policy,"RBI manages money supply/credit/interest rates via repo, reverse repo, SLR, CRR, bank rate etc.",,,,,,
HSBC,Finance & Banking,"GGP Intern, CIB Banking Intern, CIB Operations Intern",Technical Interview Round 1,," What is repo rate, and current rate in India?","Rate RBI lends short-term money to banks. Answered 5%, actual 5.5%.",,,,,,
HSBC,Finance & Banking,"GGP Intern, CIB Banking Intern, CIB Operations Intern",Technical Interview Round 1,, Are you sure 5%?,"As much as I remember, it is 5%.",,,,,,
HSBC,Finance & Banking,"GGP Intern, CIB Banking Intern, CIB Operations Intern",Technical Interview Round 1,, What do you think RBI will do with the repo rate?,Created storyline to justify my argument.,,,,,,
HSBC,Finance & Banking,"GGP Intern, CIB Banking Intern, CIB Operations Intern",Technical Interview Round 1,," Are you aware of financial modelling, and how do you do it?",Explained theoretical knowledge.,,,,,,
HSBC,Finance & Banking,"GGP Intern, CIB Banking Intern, CIB Operations Intern",Technical Interview Round 1,," Test Excel skills � What is XLOOKUP, VLOOKUP, HLOOKUP?",Explained all functions.,,,,,,
HSBC,Finance & Banking,"GGP Intern, CIB Banking Intern, CIB Operations Intern",Technical Interview Round 1,, What is NPV and IRR?,Defined both topics.,,,,,,
HSBC,Finance & Banking,"GGP Intern, CIB Banking Intern, CIB Operations Intern",Technical Interview,, What are the 3 financial statements and what is the relationship between them?,"P&L shows profit/loss, Cash flow shows net cash inflow/outflow, Balance Sheet is a snapshot of all transactions; cash flow is derived from P&L and Balance Sheet.",,,,,,
HSBC,Finance & Banking,"GGP Intern, CIB Banking Intern, CIB Operations Intern",Technical Interview,, Where does the Net Profit go to on the Balance Sheet?,Retained Earnings on the Equity side.,,,,,,
HSBC,Finance & Banking,"GGP Intern, CIB Banking Intern, CIB Operations Intern",Technical Interview,, What are leverage ratios?,Debt to Equity and ICR,,,,,,
HSBC,Finance & Banking,"GGP Intern, CIB Banking Intern, CIB Operations Intern",Technical Interview,, What do you know about the role?,Assisting relationship managers with client needs on various HSBC products.,,,,,,
HSBC,Finance & Banking,"GGP Intern, CIB Banking Intern, CIB Operations Intern",Technical Interview 2,, Name some HSBC products?,"GTS, GPS",,,,,,
HSBC,Finance & Banking,"GGP Intern, CIB Banking Intern, CIB Operations Intern",Technical Interview 2,, What is GTS?,Helps merchants mitigate risk via LCs and bridges liquidity crunch by supply chain financing.,,,,,,
HSBC,Finance & Banking,"GGP Intern, CIB Banking Intern, CIB Operations Intern",Technical Interview 2,, How would you prioritize the clients?,Depending on the money they bring in and the time/resources they demand.,,,,,,
HSBC,Finance & Banking,"GGP Intern, CIB Banking Intern, CIB Operations Intern",Psychometric Assessment,," 100 questions, select 2 out of 3 statements that best describe you",Be consistent with the answers,,,,,,
HSBC,Finance & Banking,"GGP Intern, CIB Banking Intern, CIB Operations Intern",Group Discussion,,Is AI a job giver or taker?,Discussed,,,,,,
HSBC,Finance & Banking,"GGP Intern, CIB Banking Intern, CIB Operations Intern",Technical Interview,, Walk us through your resume,"Introduced self, highlighted technical skills and internship",,,,,,
HSBC,Finance & Banking,"GGP Intern, CIB Banking Intern, CIB Operations Intern",Technical Interview,, Explain in detail what work you did during your internship,Explained python automation project,,,,,,
HSBC,Finance & Banking,"GGP Intern, CIB Banking Intern, CIB Operations Intern",Technical Interview,," Python questions (15, intermediate to high)","Asked for exact syntax, select columns 5-8, many coding questions; responded with code",,,,,,
HSBC,Finance & Banking,"GGP Intern, CIB Banking Intern, CIB Operations Intern",Technical Interview,," SQL questions (8, intermediate)","Merge tables, window functions, usage of LIKE; responded with code",,,,,,
HSBC,Finance & Banking,"GGP Intern, CIB Banking Intern, CIB Operations Intern",Technical Interview,," Finance Questions, Q1. Limitations of CAPM Model",Answered,,,,,,
HSBC,Finance & Banking,"GGP Intern, CIB Banking Intern, CIB Operations Intern",Technical Interview,," Finance Questions, Q2. Formula of CAPM model",Answered,,,,,,
HSBC,Finance & Banking,"GGP Intern, CIB Banking Intern, CIB Operations Intern",Technical Interview,," Finance Questions, Q3. What is Beta in the CAPM model?",Answered,,,,,,
HSBC,Finance & Banking,"GGP Intern, CIB Banking Intern, CIB Operations Intern",Technical Interview,," Finance Questions, Q4. What is market risk?",Answered,,,,,,
HSBC,Finance & Banking,"GGP Intern, CIB Banking Intern, CIB Operations Intern",Technical Interview,," Finance Questions, Q5. What is repo rate and reverse repo rate?",Answered,,,,,,
HSBC,Finance & Banking,"GGP Intern, CIB Banking Intern, CIB Operations Intern",Technical Interview,," Finance Questions, Q6. What is wholesale banking?",Answered,,,,,,
HSBC,Finance & Banking,"GGP Intern, CIB Banking Intern, CIB Operations Intern",Technical Interview,," Finance Questions, Q7. Loans come on which side of balance sheet?",Answered,,,,,,
HSBC,Finance & Banking,"GGP Intern, CIB Banking Intern, CIB Operations Intern",Technical Interview,," Finance Questions, Q8. FDs come on which side of balance sheet?",Answered,,,,,,
HSBC,Finance & Banking,"GGP Intern, CIB Banking Intern, CIB Operations Intern",Technical Interview,, Any questions for us?,Asked what is expected for PS; Advised to be comfortable with Python & basic finance,,,,,,
HSBC,Finance & Banking,"GGP Intern, CIB Banking Intern, CIB Operations Intern",HR Round,, What are 2 skills you will bring to HSBC?,Answered,,,,,,
HSBC,Finance & Banking,"GGP Intern, CIB Banking Intern, CIB Operations Intern",HR Round,, Bottleneck situation faced and how handled,Answered,,,,,,
HSBC,Finance & Banking,"GGP Intern, CIB Banking Intern, CIB Operations Intern",Interview Round 1,, Give your introduction,I have my introduction,,,,,,
HSBC,Finance & Banking,"GGP Intern, CIB Banking Intern, CIB Operations Intern",Interview Round 1,, What is leverage ratios,I told 4-5 leverage ratios with definition,,,,,,
HSBC,Finance & Banking,"GGP Intern, CIB Banking Intern, CIB Operations Intern",Interview Round 1,, Explain your projects.,I explained my projects,,,,,,
HSBC,Finance & Banking,"GGP Intern, CIB Banking Intern, CIB Operations Intern",Interview Round 1,, What you did in internship of COE,I explained that,,,,,,
HSBC,Finance & Banking,"GGP Intern, CIB Banking Intern, CIB Operations Intern",Interview Round 1,, How you allocated funds and approached this,Gave credits to prof for guidance and explained fund allocation,,,,,,
HSBC,Finance & Banking,"GGP Intern, CIB Banking Intern, CIB Operations Intern",Technical Interview R1,," Three types of customers (A,B,C), update frequency, how to divide them",On basis of funds they bring,,,,,,
HSBC,Finance & Banking,"GGP Intern, CIB Banking Intern, CIB Operations Intern",Technical Interview R1,, Introduction,I have my introduction,,,,,,
HSBC,Finance & Banking,"GGP Intern, CIB Banking Intern, CIB Operations Intern",Online Assessment Round,,Psychometric test (Select 2 out of 3 Options),Answered,,,,,,
HSBC,Finance & Banking,"GGP Intern, CIB Banking Intern, CIB Operations Intern",Group Discussion Round,,AI - Job creator or destroyer,Discussed,,,,,,
HSBC,Finance & Banking,"GGP Intern, CIB Banking Intern, CIB Operations Intern",Technical Interview Round,, Introduce yourself and walk me through your CV,Gave introduction,,,,,,
HSBC,Finance & Banking,"GGP Intern, CIB Banking Intern, CIB Operations Intern",Technical Interview Round,, Describe your quant finance project,Prediction using LSTM,,,,,,
HSBC,Finance & Banking,"GGP Intern, CIB Banking Intern, CIB Operations Intern",Technical Interview Round,, What is LSTM and Merton Model? Why did you use them?,Explained LSTM and Merton Model; interviewer corrected Brownian motion details,,,,,,
HSBC,Finance & Banking,"GGP Intern, CIB Banking Intern, CIB Operations Intern",Technical Interview Round,, What was the underlying asset predicted?,CDS (Credit default Swaps),,,,,,
HSBC,Finance & Banking,"GGP Intern, CIB Banking Intern, CIB Operations Intern",Technical Interview Round,, What is CDS?,Explained CDS,,,,,,
HSBC,Finance & Banking,"GGP Intern, CIB Banking Intern, CIB Operations Intern",Technical Interview Round,, What was the time period?,5 years (2020-2024),,,,,,
HSBC,Finance & Banking,"GGP Intern, CIB Banking Intern, CIB Operations Intern",Technical Interview Round,, Any specific CDS?,Tracked iTraxx and CDX indices,,,,,,
HSBC,Finance & Banking,"GGP Intern, CIB Banking Intern, CIB Operations Intern",Technical Interview Round,," What are iTraxx and CDX indices, difference?",Explained both indices and their composition,,,,,,
HSBC,Finance & Banking,"GGP Intern, CIB Banking Intern, CIB Operations Intern",Technical Interview Round,, Business application? Did you make any?,Developed a long-short trading strategy,,,,,,
HSBC,Finance & Banking,"GGP Intern, CIB Banking Intern, CIB Operations Intern",Technical Interview Round,, What is the behavior in long and short?,Explained with examples,,,,,,
HSBC,Finance & Banking,"GGP Intern, CIB Banking Intern, CIB Operations Intern",Technical Interview Round,, What are futures and forwards?,Explained with examples,,,,,,
HSBC,Finance & Banking,"GGP Intern, CIB Banking Intern, CIB Operations Intern",Technical Interview Round,, How do you settle these contracts?,Did not know,,,,,,
HSBC,Finance & Banking,"GGP Intern, CIB Banking Intern, CIB Operations Intern",Technical Interview Round,, What is call and put?,Explained but was wrong; interviewer corrected,,,,,,
HSBC,Finance & Banking,"GGP Intern, CIB Banking Intern, CIB Operations Intern",Technical Interview Round,, CAPM model?,Explained it,,,,,,
HSBC,Finance & Banking,"GGP Intern, CIB Banking Intern, CIB Operations Intern",Technical Interview Round,, Sharpe Ratio?,"Did not remember; interviewer taunted ""should know""",,,,,,
HSBC,Finance & Banking,"GGP Intern, CIB Banking Intern, CIB Operations Intern",Technical Interview Round,, Explain 2nd project,Loan Default prediction model (Data Science),,,,,,
HSBC,Finance & Banking,"GGP Intern, CIB Banking Intern, CIB Operations Intern",Technical Interview Round,, How is your sql ?,Ok,,,,,,
HSBC,Finance & Banking,"GGP Intern, CIB Banking Intern, CIB Operations Intern",Technical Interview Round,, SQL: query for employee database,Could not answer,,,,,,
HSBC,Finance & Banking,"GGP Intern, CIB Banking Intern, CIB Operations Intern",Technical Interview Round,, How is your python ?,"Intermediate; degree in Mech Eng, core work, not advanced",,,,,,
HSBC,Finance & Banking,"GGP Intern, CIB Banking Intern, CIB Operations Intern",Technical Interview Round,, Libraries you know?,"Listed Pandas, Numpy, Scipy, Matplotlib, Seaborn, Plotly, etc.",,,,,,
HSBC,Finance & Banking,"GGP Intern, CIB Banking Intern, CIB Operations Intern",Technical Interview Round,, Dataframe: select columns 3-5; code,Used iloc and [2:4] but not exact code,,,,,,
HSBC,Finance & Banking,"GGP Intern, CIB Banking Intern, CIB Operations Intern",Technical Interview Round,," Subjects taken in semester, any finance?","Yes, Financial Analytics and Derivatives",,,,,,
HSBC,Finance & Banking,"GGP Intern, CIB Banking Intern, CIB Operations Intern",Technical Interview Round,, How much is left of this semester?,2.5 months,,,,,,
HSBC,Finance & Banking,"GGP Intern, CIB Banking Intern, CIB Operations Intern",Technical Interview Round,, Interviewer: brush up on derivatives,Ok sir,,,,,,
HSBC,Finance & Banking,"GGP Intern, CIB Banking Intern, CIB Operations Intern",Technical Interview Round,, Other subjects studied?,"FRSA, Corporate Finance, Predictive Analytics, Strategic Management",,,,,,
HSBC,Finance & Banking,"GGP Intern, CIB Banking Intern, CIB Operations Intern",Technical Interview Round,, What other tools do you know?,"PowerBI, Tableau, Excel, R, Alteryx",,,,,,
HSBC,Finance & Banking,"GGP Intern, CIB Banking Intern, CIB Operations Intern",Technical Interview Round,, Any questions for us?,"Asked about ""Wholesale Risk Analytics"" role, interviewer explained",,,,,,
HSBC,Finance & Banking,"GGP Intern, CIB Banking Intern, CIB Operations Intern",Technical Interview Round,, Please ask Abhijit to join next,"Ok sir, thank you",,,,,,
HSBC,Finance & Banking,"GGP Intern, CIB Banking Intern, CIB Operations Intern",Technical Assessment Round,, How would you efficiently handle large datasets that don't fit into memory using Pandas?,Answered,,,,,,
HSBC,Finance & Banking,"GGP Intern, CIB Banking Intern, CIB Operations Intern",Technical Assessment Round,, DataFrame with customer transaction data. How would you calculate cumulative sum of sales for each customer over time?,Answered,,,,,,
HSBC,Finance & Banking,"GGP Intern, CIB Banking Intern, CIB Operations Intern",Technical Assessment Round,, What is the difference between Market risk and credit risk?,Answered,,,,,,
HSBC,Finance & Banking,"GGP Intern, CIB Banking Intern, CIB Operations Intern",Psychometric Assessment,, Generic psychometric tests - Lot of questions,Answered,,,,,,
HSBC,Finance & Banking,"GGP Intern, CIB Banking Intern, CIB Operations Intern",Group Discussion,, AI is a job creator or Destroyer,Answered,,,,,,
HSBC,Finance & Banking,"GGP Intern, CIB Banking Intern, CIB Operations Intern",Technical Interview,, Basic bank functionalities.,Answered,,,,,,
HSBC,Finance & Banking,"GGP Intern, CIB Banking Intern, CIB Operations Intern",Technical Interview,, How bank reacts to some ratios and interest variations.,Answered,,,,,,
HSBC,Finance & Banking,"GGP Intern, CIB Banking Intern, CIB Operations Intern",Technical Interview,," Take any leverage ratio, explain significance and how it changes in different scenarios",Answered,,,,,,
HSBC,Finance & Banking,"GGP Intern, CIB Banking Intern, CIB Operations Intern",Technical Interview,, Systematic and Unsystematic Risks,Answered,,,,,,
HSBC,Finance & Banking,"GGP Intern, CIB Banking Intern, CIB Operations Intern",Technical Interview,, Binning in SQL,Answered,,,,,,
HSBC,Finance & Banking,"GGP Intern, CIB Banking Intern, CIB Operations Intern",Group Discussion,,Is AI a job creator or a job destroyer,Answered,,,,,,
HSBC,Finance & Banking,"GGP Intern, CIB Banking Intern, CIB Operations Intern",Technical Interview,,How much do you rate your python skill,Answered,,,,,,
HSBC,Finance & Banking,"GGP Intern, CIB Banking Intern, CIB Operations Intern",Technical Interview,,"Pandas: How to access 5th row, 3rd column of a dataframe",Answered,,,,,,
HSBC,Finance & Banking,"GGP Intern, CIB Banking Intern, CIB Operations Intern",Technical Interview,,How to append two dataframes,Answered,,,,,,
HSBC,Finance & Banking,"GGP Intern, CIB Banking Intern, CIB Operations Intern",Technical Interview,,Join with 5 columns of 1 row and 7 of another dataframe�how many columns?,Answered,,,,,,
HSBC,Finance & Banking,"GGP Intern, CIB Banking Intern, CIB Operations Intern",Technical Interview,,Name some python libraries,Answered,,,,,,
HSBC,Finance & Banking,"GGP Intern, CIB Banking Intern, CIB Operations Intern",Technical Interview,,How much do you rate your SQL skill,Answered,,,,,,
HSBC,Finance & Banking,"GGP Intern, CIB Banking Intern, CIB Operations Intern",Technical Interview,,SQL query: print rows with 3rd letter as b (Pattern Matching),Answered,,,,,,
HSBC,Finance & Banking,"GGP Intern, CIB Banking Intern, CIB Operations Intern",Technical Interview,,What do you call % and _ in SQL,Wildcard characters (% and _),,,,,,
HSBC,Finance & Banking,"GGP Intern, CIB Banking Intern, CIB Operations Intern",Technical Interview,,Write query for joining 2 tables,Answered,,,,,,
HSBC,Finance & Banking,"GGP Intern, CIB Banking Intern, CIB Operations Intern",Technical Interview,,What are derivatives,Answered,,,,,,
HSBC,Finance & Banking,"GGP Intern, CIB Banking Intern, CIB Operations Intern",Technical Interview,,Why do you call a Mutual fund 'Mutual'?,Answered,,,,,,
HSBC,Finance & Banking,"GGP Intern, CIB Banking Intern, CIB Operations Intern",Technical Interview,,What is systematic risk,Answered,,,,,,
HSBC,Finance,Analyst,Finance,Medium,What is the Inventory Turnover Ratio formula and how do you interpret it?,Explain formula (COGS / Avg Inventory) and implies efficiency of sales.,Yes,,,,,
HSBC,Finance,Analyst,Finance,Medium,Explain the Cash Conversion Cycle formula and its interpretation.,Days Inventory Outstanding + Days Sales Outstanding - Days Payable Outstanding.,Yes,,,,,
HSBC,Finance,Analyst,Finance,Medium,List the fundamental Principles of Accounting.,"Mention accrual, consistency, prudence, going concern, entity concept.",Yes,,,,,
HSBC,Consulting,Analyst,Guesstimate,Medium,Estimate the number of Two-Wheelers sold annually in India.,Population -> Target Segment -> Income Levels -> Replacement vs New Demand.,Yes,,,,,
HSBC,General,Analyst,Behavioral,Medium,How do you measure the performance of a team or individual in banking operations context?,"Mention KPIs like accuracy, turnaround time (TAT), customer satisfaction, and error rates.",Yes,,,,,
HSBC,Finance,Analyst,Finance,Medium,What metrics indicate effective revenue generation for a bank?,"NIM (Net Interest Margin), Fee-based income, Loan book growth, CASA ratio.",Yes,,,,,
HSBC,Product,Analyst,Product Management,Medium,Explain the concept of 'Share of Wallet' in banking.,Percentage of a customer's total spend/assets held with us vs competitors.,Yes,,,,,
HSBC,General,Analyst,General Awareness,Medium,What are the key products offered by HSBC?,"Retail Banking, Wealth Management, Commercial Banking, Global Banking & Markets.",Yes,,,,,
HSBC,Finance,Analyst,Finance,Medium,What is the difference between Market Risk and Credit Risk?,Market: Losses due to market factor movements. Credit: Default by counterparty.,Yes,,,,,
HSBC,Analytics,Analyst,General Awareness,Medium,Is AI a job creator or a job destroyer?,"Discuss automation vs augmentation, new roles created (ML Ops) vs redundant routine tasks.",Yes,,,,,
HSBC,Finance,Analyst,Finance,Medium,Differentiate between Systematic and Unsystematic Risk.,Systematic: Market-wide (non-diversifiable). Unsystematic: Company-specific (diversifiable).,Yes,,,,,
HSBC,Analytics,Analyst,SQL,Medium,Explain the concept of Binning in SQL.,Using CASE statements to categorize continuous variables into groups.,Yes,,,,,
HSBC,Analytics,Analyst,Python,Medium,How do you access the 5th row and 3rd column of a dataframe in Pandas?,"df.iloc[4, 2]",Yes,,,,,
HSBC,Analytics,Analyst,Python,Medium,How do you append two dataframes in Python?,"pd.concat([df1, df2]) or df1.append(df2) (deprecated).",Yes,,,,,
HSBC,Analytics,Analyst,Python,Medium,What happens to the columns if you join a dataframe with 5 columns and another with 7 columns?,"Depends on join type, generally 5+7 = 12 columns if no overlap/suffix handling.",Yes,,,,,
HSBC,Finance,Analyst,Finance,Medium,What are Derivatives in finance?,"Contracts deriving value from underlying assets (Options, Futures, Swaps).",Yes,,,,,
HSBC,Finance,Analyst,Finance,Medium,Why is a Mutual Fund called 'Mutual'?,Pooled money from many investors mutually shared for returns/risks.,Yes,,,,,
